time,1,2,3,4,5,6,7,8,9,10,11,12,13,14,15,16,17,18,19,20,21,22,23,24,25,26,27,28,29,30,31,32,33,34,35,36,37,38,39,40,41,42,43,44,45,46,47,48,49,50,51,52,53,54,55,56,57,58,59,60,61,62,63,64,65,66,67,68,69,70,71,72,73,74,75,76,77,78,79,80,81,82,83,84,85,86,87,88,89,90,91,92,93,94,95,96,97,98,99,100,101,102,103,104,105,106,107,108,109,110,111,112,113,114,115,116,117,118,119,120,121,122,123,124,125,126,127,128,129,130,131,132,133,134,135,136,137,138,139,140,141,142,143,144,145,146,147,148,149,150,151,152,153,154,155,156,157,158,159,160,161,162,163,164,165,166,167,168,169,170,171,172,173,174,175,176,177,178,179,180
30.0,0.13207809,0.266780005,-0.0878051743,0.0882504245,,,,0.0992620658,,-0.157853184,-0.102365141,,-0.0552546683,,,,-0.449730038,0.178783765,-0.0722020041,,,-0.450231528,,,0.209711592,-0.311690807,0.213955275,,,,0.384269695,,0.122340605,,,-0.223061615,0.135953861,-0.265473763,,,,-0.0902320565,,-0.515121102,,-0.369121426,0.0450190585,-0.0903461758,,,,0.249179749,0.290324343,,,-0.228740837,,,-0.26919754,-0.197247064,-0.186697939,,,,-0.0626783046,,-0.446874084,,0.115244723,-0.348487764,,,,-0.594215888,0.158055186,,0.0137955883,,,0.660577446,,,0.3006405,-0.320568462,-0.315208114,,,-0.283939841,,,-0.426289148,,,0.398909142,-0.293985631,-0.241336949,,,,0.131218577,,0.384697262,0.0798774532,-0.325728962,0.427661459,,,,,-0.496461334,,,0.132937273,,,-0.245301178,0.3877066,-0.313839539,-0.196529132,,,,,,-0.515954022,,0.299960667,-0.283289058,,,,0.146910516,,,-0.360925393,,,0.142666562,-0.298283837,,,-0.226188868,,-0.279638557,-0.0953356936,-0.343743812,,,,0.266334047,,-0.321321194,-0.32286012,-0.155558918,,,,0.137248223,0.199119459,,,-0.447861105,-0.207816554,,,-0.32530905,-0.164161152,,,-0.203929502,0.0813641108,,,-0.0862067002,0.231026929,,,0.12491309,0.153935577,0.241235886
30.48974639286001,0.00964790504,0.294372609,-0.123381665,0.0403467311,,,,0.174248299,,0.113355306,0.0209411524,,0.102382412,,,,-0.332205837,0.247574598,-0.0485090518,,,-0.248005505,,,0.379253317,-0.407043923,0.153450135,,,,0.196437681,,0.244378105,,,-0.239029347,0.0993492853,-0.380546308,,,,-0.161456704,,-0.305960984,,-0.360204432,-0.06696984,-0.238480731,,,,-0.0628772274,0.424472329,,,0.0106472295,,,-0.407476748,-0.422419078,-0.304153938,,,,-0.0166595534,,-0.426245387,,-0.195130234,-0.348898235,,,,-0.522334363,0.239310682,,-0.297711302,,,0.58884494,,,0.0235425704,-0.255639122,-0.219918751,,,-0.558196495,,,-0.323324994,,,0.150401261,-0.230300798,-0.118155624,,,,-0.171040874,,0.54824413,0.16840184,-0.204923614,0.177226589,,,,,-0.401329227,,,-0.165965177,,,-0.276237158,0.118420127,-0.140482877,-0.416178106,,,,,,-0.507616779,,0.0127714003,-0.114252223,,,,0.14577415,,,-0.335177,,,-0.163325429,-0.15283008,,,-0.338331705,,-0.251797093,-0.345998239,-0.240378085,,,,-0.00909182446,,-0.456183968,-0.316402197,-0.0267682256,,,,0.208788649,0.259531616,,,-0.407044041,-0.259359288,,,-0.220642672,-0.227213168,,,-0.113741403,-0.124189476,,,0.0421374549,0.16666103,,,0.233323884,0.136658351,0.218725986
30.97949278572002,-0.0810446549,0.190601011,-0.0886134413,-0.0106548359,,,,0.180210698,,0.309456311,0.165172459,,0.268899606,,,,-0.0920240664,0.227470416,0.02288654,,,0.011209964,,,0.444067306,-0.397562429,0.105258264,,,,-0.0190198713,,0.293892878,,,-0.302140825,0.0398852454,-0.43508795,,,,-0.160715513,,-0.0389752593,,-0.285566773,-0.204217709,-0.306022337,,,,-0.369432783,0.484769288,,,0.25833529,,,-0.480371112,-0.470353855,-0.357319067,,,,-0.0585138346,,-0.307863434,,-0.413530863,-0.267050884,,,,-0.302168633,0.313275189,,-0.550625271,,,0.297388181,,,-0.234273405,-0.152318649,-0.0141593073,,,-0.626402956,,,-0.204221113,,,-0.114531437,-0.113760584,-0.0615184123,,,,-0.452209395,,0.529650321,0.212305122,-0.0247917656,-0.092752692,,,,,-0.226159109,,,-0.410907607,,,-0.236144773,-0.147965654,0.0529436566,-0.505836167,,,,,,-0.343666592,,-0.253187918,0.0424826066,,,,0.168753045,,,-0.260963055,,,-0.397742739,-0.024459902,,,-0.363008281,,-0.1908294,-0.469697482,-0.120991259,,,,-0.258012656,,-0.447315174,-0.244561253,0.110233198,,,,0.248877596,0.234240385,,,-0.279341521,-0.281497833,,,-0.113667243,-0.232992953,,,-0.00925801538,-0.263877427,,,0.166389019,0.0133934346,,,0.275682474,0.117032257,0.148757138
31.46923917858003,-0.106768468,0.0365986504,0.0126291534,-0.024612855,,,,0.148690102,,0.352341815,0.259067168,,0.343759058,,,,0.177240347,0.151941831,0.149699214,,,0.210841039,,,0.336355745,-0.239588149,0.0731967485,,,,-0.168744551,,0.303730021,,,-0.350741837,-0.0705159341,-0.343526235,,,,-0.0286831184,,0.150872875,,-0.242845251,-0.316613698,-0.312567616,,,,-0.561587609,0.42621669,,,0.417478414,,,-0.46577718,-0.395232411,-0.307023062,,,,-0.114056481,,-0.162359569,,-0.50808378,-0.114797228,,,,-0.0449140756,0.385750116,,-0.649763564,,,-0.117374468,,,-0.440947797,-0.0111995081,0.221958145,,,-0.503620109,,,-0.0851453975,,,-0.365499572,0.056794176,-0.0701580063,,,,-0.618194293,,0.307553695,0.240305612,0.169748121,-0.344590317,,,,,-0.0202717454,,,-0.548097597,,,-0.107743204,-0.372357327,0.214054258,-0.443572721,,,,,,-0.109111541,,-0.446541935,0.16777806,,,,0.224019996,,,-0.187840404,,,-0.50301552,0.0868914604,,,-0.313234754,,-0.0856228151,-0.45237984,-0.0007178638,,,,-0.380541077,,-0.33012479,-0.119724833,0.225364457,,,,0.185451075,0.152226926,,,-0.132501397,-0.245855701,,,-0.0176919923,-0.217643634,,,0.101602976,-0.29251654,,,0.256600683,-0.17333923,,,0.238663606,0.0657396376,0.0706586874
31.95898557144004,-0.0660517943,-0.0788104378,0.144823945,0.02663596,,,,0.10635328,,0.247009637,0.257392802,,0.273308652,,,,0.361002053,0.0729414157,0.274592439,,,0.287999656,,,0.0766695939,0.0250372162,0.0222362761,,,,-0.224085707,,0.296667693,,,-0.293495752,-0.213837265,-0.103522985,,,,0.192371005,,0.194679477,,-0.248739037,-0.341827193,-0.276453465,,,,-0.564717314,0.236925149,,,0.445585746,,,-0.340020917,-0.290375773,-0.156277472,,,,-0.0912419923,,-0.0341570269,,-0.489636866,0.0644114,,,,0.14077968,0.410683594,,-0.54862916,,,-0.499642948,,,-0.562853494,0.145906482,0.389505099,,,-0.271675305,,,0.0448982666,,,-0.555665122,0.240545691,-0.0845189884,,,,-0.59955427,,-0.0416470026,0.269423676,0.319447218,-0.534162758,,,,,0.165385461,,,-0.539865468,,,0.0769058554,-0.522534539,0.309114402,-0.268463018,,,,,,0.098017419,,-0.530179572,0.259012603,,,,0.263565991,,,-0.128992126,,,-0.467623799,0.196592366,,,-0.205906714,,0.0549045303,-0.33143816,0.125451572,,,,-0.359966471,,-0.170039396,0.035779618,0.288557917,,,,0.00264499318,0.0673491935,,,-0.0107945028,-0.130350629,,,0.0718858019,-0.186671339,,,0.201932064,-0.229976013,,,0.284517806,-0.305345691,,,0.139468521,-0.038585316,0.0105828113
32.44873196430004,0.0225886888,-0.107891257,0.248423832,0.130703948,,,,0.0649917308,,0.0729303826,0.168039434,,0.0879731697,,,,0.388206212,0.0165965983,0.319389656,,,0.258591415,,,-0.230178941,0.285279935,-0.0801340421,,,,-0.219577486,,0.259525252,,,-0.0943250938,-0.326321019,0.184869615,,,,0.388242703,,0.130982599,,-0.233383122,-0.251580878,-0.199276583,,,,-0.382818905,-0.0458904232,,,0.364593717,,,-0.111973444,-0.209856828,0.0393441097,,,,0.0527202787,,0.0719500011,,-0.388129376,0.209212066,,,,0.199729204,0.316840079,,-0.281101164,,,-0.707635067,,,-0.562692671,0.273735905,0.429278603,,,-0.025477852,,,0.188795169,,,-0.622741727,0.368614101,-0.0361255339,,,,-0.394980773,,-0.383496433,0.282556507,0.37947545,-0.607210951,,,,,0.290630663,,,-0.378974904,,,0.252795547,-0.560877164,0.331117292,-0.06372946,,,,,,0.222337937,,-0.483800217,0.310769601,,,,0.212465631,,,-0.0634139449,,,-0.325141175,0.296050397,,,-0.0591525412,,0.196878865,-0.169646689,0.250732624,,,,-0.250810619,,-0.0242478481,0.188424884,0.278775431,,,,-0.231414598,0.0185647851,,,0.0784575758,0.0468878186,,,0.158615134,-0.114891743,,,0.267481385,-0.131352886,,,0.235864461,-0.317341251,,,0.0202094743,-0.17656579,-0.0347459806
32.93847835716005,0.129057593,-0.0572828672,0.266994633,0.227942846,,,,0.0297541082,,-0.0689406539,0.0424099203,,-0.118019672,,,,0.269655952,-0.0334416444,0.249868107,,,0.185835562,,,-0.45122888,0.426449072,-0.221006368,,,,-0.205664758,,0.159427604,,,0.183365242,-0.340322664,0.382297676,,,,0.45360734,,0.0679541018,,-0.113792045,-0.0774236433,-0.0771659158,,,,-0.101984722,-0.343974517,,,0.228354951,,,0.154386149,-0.134974129,0.198323614,,,,0.27275885,,0.169168706,,-0.230089527,0.27147742,,,,0.152200116,0.0702866709,,0.0488582033,,,-0.676494239,,,-0.420406182,0.325131122,0.350073319,,,0.171306903,,,0.317591362,,,-0.521218404,0.383849528,0.0981674582,,,,-0.0824148379,,-0.593204149,0.234981336,0.33788906,-0.521687968,,,,,0.337081794,,,-0.107545131,,,0.357222798,-0.457592423,0.289309324,0.0889370652,,,,,,0.269232546,,-0.316980648,0.305246243,,,,0.0305848879,,,0.0348382884,,,-0.136768209,0.341195176,,,0.102458821,,0.2958984,-0.0213039117,0.336018199,,,,-0.12240981,,0.08341316,0.296388178,0.195742051,,,,-0.399305663,4.44686232e-05,,,0.149906059,0.222517736,,,0.232202352,0.0148845521,,,0.274622811,-0.0394521537,,,0.12189552,-0.209582534,,,-0.0745900263,-0.285648377,-0.087646115
33.42822475002006,0.213727972,0.0329559953,0.181047432,0.241260413,,,,0.010129187,,-0.115624681,-0.0641615537,,-0.249943783,,,,0.0859725531,-0.110815602,0.106020217,,,0.124729002,,,-0.49817739,0.398270992,-0.336825654,,,,-0.199297796,,-0.015659781,,,0.409745874,-0.234256059,0.406253556,,,,0.360276738,,0.0944709211,,0.117540329,0.104880473,0.0755734659,,,,0.155923375,-0.564661613,,,0.0783680693,,,0.358172664,-0.0113846396,0.260386382,,,,0.45533136,,0.256176051,,-0.0341441004,0.243472694,,,,0.0762067842,-0.276079753,,0.315266915,,,-0.438399439,,,-0.159640065,0.280620997,0.209027281,,,0.297279776,,,0.379759984,,,-0.261876872,0.277182394,0.274132513,,,,0.214165582,,-0.608894402,0.0886591726,0.214459173,-0.282487705,,,,,0.310582174,,,0.184069311,,,0.359970898,-0.222574123,0.194178317,0.154909475,,,,,,0.275863178,,-0.0796698858,0.223659316,,,,-0.238886498,,,0.164806348,,,0.0358973683,0.283232317,,,0.244689328,,0.319627317,0.0897859438,0.326599221,,,,-0.00900833231,,0.160306156,0.321032386,0.0666860273,,,,-0.409274007,-0.0315003679,,,0.213659934,0.320198113,,,0.270091126,0.173923113,,,0.211624472,0.0390365809,,,-0.0191065496,-0.0449017103,,,-0.12367209,-0.296822392,-0.159301918
33.91797114288006,0.233587245,0.119489606,0.0239156696,0.128548758,,,,0.017765342,,-0.0691354857,-0.130330231,,-0.271773005,,,,-0.0644486498,-0.221987663,-0.0278682615,,,0.0878214191,,,-0.371334484,0.239432577,-0.353452162,,,,-0.173284652,,-0.230180103,,,0.474009535,-0.0508797391,0.284094502,,,,0.164853242,,0.208474988,,0.365850382,0.220974554,0.216279714,,,,0.301180858,-0.632674043,,,-0.0761701053,,,0.417568289,0.178351546,0.221194062,,,,0.48731428,,0.304490945,,0.175272482,0.160126259,,,,0.0575903209,-0.589339192,,0.429383279,,,-0.0956349266,,,0.145139175,0.162477407,0.0629895002,,,0.355383622,,,0.335588092,,,0.0751264196,0.0942347367,0.404392109,,,,0.385386651,,-0.444675054,-0.147860505,0.0471648177,0.0407731402,,,,,0.23182964,,,0.391976874,,,0.272062387,0.0749626709,0.0554954606,0.159760883,,,,,,0.264418927,,0.148433585,0.0709239938,,,,-0.476289947,,,0.2891379,,,0.155549335,0.117463967,,,0.32922654,,0.262831496,0.169120925,0.197914388,,,,0.0953668707,,0.221759345,0.246067822,-0.061459332,,,,-0.25564475,-0.113728982,,,0.259588948,0.297500058,,,0.250201383,0.290379673,,,0.088708405,0.117259037,,,-0.136511158,0.0966088795,,,-0.138167493,-0.185741084,-0.226174915
34.40771753574007,0.160779837,0.171378184,-0.136158195,-0.0791284094,,,,0.0508120232,,0.0205790825,-0.173985987,,-0.218040243,,,,-0.121484326,-0.323258107,-0.0886949869,,,0.0536899834,,,-0.1494154,0.0458082223,-0.240767668,,,,-0.0899107693,,-0.411583447,,,0.357343415,0.129607985,0.122668004,,,,-0.0412309266,,0.317898264,,0.494776615,0.240320297,0.291193287,,,,0.319400629,-0.515870537,,,-0.241266626,,,0.325188858,0.373931774,0.129914758,,,,0.329691534,,0.277402165,,0.353821861,0.0733904334,,,,0.133332604,-0.722687908,,0.378550206,,,0.231410312,,,0.392773386,0.0215139755,-0.0687768892,,,0.350198116,,,0.188426535,,,0.369325508,-0.0913878061,0.411706369,,,,0.389769582,,-0.168133929,-0.403517097,-0.120543141,0.333803459,,,,,0.121821688,,,0.451030929,,,0.132810474,0.326098101,-0.104634977,0.16023831,,,,,,0.220350623,,0.292870033,-0.108591606,,,,-0.55142566,,,0.353870475,,,0.21877883,-0.0933578651,,,0.327235455,,0.146913873,0.231392153,-0.00813517162,,,,0.201978854,,0.267683016,0.0944072806,-0.145381849,,,,-0.02023276,-0.233433281,,,0.263030185,0.173148387,,,0.165466794,0.296514889,,,-0.0593242387,0.193405011,,,-0.193098833,0.168873608,,,-0.145095331,0.00232864718,-0.237547161
34.89746392860008,0.00557594577,0.168624188,-0.23800984,-0.286118613,,,,0.0814155652,,0.095990899,-0.221416243,,-0.153090179,,,,-0.0881603992,-0.343181178,-0.0816213842,,,0.00202877053,,,0.0638380406,-0.0912486654,-0.0383998732,,,,0.0533031362,,-0.488923783,,,0.140303345,0.239593268,0.0222003114,,,,-0.193501453,,0.312674385,,0.427159887,0.186705695,0.269413975,,,,0.261367109,-0.239184252,,,-0.403396524,,,0.157443688,0.469152122,0.0518771059,,,,0.0449239339,,0.163959429,,0.443710019,0.0169307101,,,,0.261798282,-0.599545625,,0.225515932,,,0.451043417,,,0.500231013,-0.0936123389,-0.201192445,,,0.28153595,,,-0.0115161202,,,0.516555233,-0.217925506,0.275946949,,,,0.269218684,,0.13394152,-0.569280015,-0.246562751,0.489932867,,,,,-0.00548094807,,,0.368263599,,,-0.0129868781,0.437410784,-0.241357149,0.194826979,,,,,,0.114617497,,0.32366665,-0.243372663,,,,-0.406530973,,,0.322336378,,,0.245688531,-0.247256851,,,0.233981619,,0.00774941171,0.278298036,-0.193246893,,,,0.291906915,,0.277958164,-0.072297454,-0.17087693,,,,0.184336672,-0.319896989,,,0.204722264,0.015375678,,,0.0318607803,0.183047433,,,-0.183202179,0.235539289,,,-0.185478114,0.178144482,,,-0.157339311,0.176677944,-0.153814362
35.38721032146008,-0.176898412,0.0990008098,-0.262832735,-0.387760334,,,,0.0648119492,,0.122978066,-0.268902524,,-0.113951869,,,,-0.0140003711,-0.235747593,-0.0700368411,,,-0.0601431389,,,0.198224052,-0.133475553,0.167565709,,,,0.206974429,,-0.429134551,,,-0.0569172546,0.259485758,0.00526922387,,,,-0.280660335,,0.151240125,,0.204742471,0.113203041,0.166572495,,,,0.19137989,0.116926694,,,-0.511476669,,,0.0239437266,0.394031079,0.0233474549,,,,-0.241808037,,-0.00198230895,,0.404529157,-0.0129069121,,,,0.342763832,-0.260022801,,0.070031955,,,0.522652485,,,0.442549604,-0.161380655,-0.344728415,,,0.155438226,,,-0.192656046,,,0.479334384,-0.261413779,0.0454391764,,,,0.11875557,,0.381247751,-0.553329921,-0.296447581,0.464651628,,,,,-0.136782227,,,0.210924446,,,-0.133911508,0.385904888,-0.299342605,0.251162636,,,,,,-0.0515375484,,0.269456628,-0.273683437,,,,-0.0978031061,,,0.198639478,,,0.256928977,-0.267833818,,,0.07632302,,-0.118621281,0.291549014,-0.261021262,,,,0.316978693,,0.22900917,-0.179566639,-0.160114331,,,,0.2849021,-0.289843556,,,0.0882946019,-0.0995191547,,,-0.113843408,0.0139918457,,,-0.240896092,0.2044484,,,-0.142623648,0.15915591,,,-0.156154917,0.258912519,0.0133356582
35.87695671432009,-0.309882701,-0.0337666084,-0.235464385,-0.336450557,,,,-0.0286921623,,0.0952079261,-0.273390168,,-0.0843339696,,,,0.0445278379,-0.0221723826,-0.116397072,,,-0.104197621,,,0.243470336,-0.102962831,0.298003962,,,,0.298096369,,-0.247798206,,,-0.153491172,0.215976936,0.015468097,,,,-0.323741227,,-0.10484786,,-0.0413474051,0.062786535,0.0375755877,,,,0.136925253,0.437300414,,,-0.496224507,,,-0.00963788134,0.178389868,0.0302303645,,,,-0.419675965,,-0.155702932,,0.247669352,-0.0460430763,,,,0.28090485,0.159747151,,-0.0069319249,,,0.454164132,,,0.264415364,-0.188951919,-0.467737261,,,-0.00361642653,,,-0.29744885,,,0.301774455,-0.234360899,-0.191970616,,,,0.0287141897,,0.513545397,-0.335062579,-0.255077748,0.29817859,,,,,-0.247062926,,,0.0570757829,,,-0.218802336,0.232372633,-0.247420658,0.274484191,,,,,,-0.222873579,,0.192897753,-0.192313917,,,,0.235336013,,,0.0254189442,,,0.254351855,-0.158851652,,,-0.0925222997,,-0.205767777,0.246149574,-0.184216439,,,,0.238579485,,0.116737893,-0.18180665,-0.150643767,,,,0.280256283,-0.114183286,,,-0.0569852014,-0.130063222,,,-0.226133322,-0.113888813,,,-0.220051366,0.0950545691,,,-0.100842793,0.135652732,,,-0.104642393,0.231148449,0.194304706
36.36670310718009,-0.337973121,-0.196133336,-0.191975495,-0.170580945,,,,-0.180396638,,0.0207981429,-0.184626712,,-0.0194177196,,,,0.0560658863,0.213520964,-0.222029038,,,-0.10964335,,,0.232379326,-0.051911223,0.323447733,,,,0.281030044,,0.00441589131,,,-0.148857181,0.151172908,-0.0195287558,,,,-0.336339947,,-0.332404704,,-0.185300182,0.0426547273,-0.0582275518,,,,0.0786708443,0.611580492,,,-0.316830106,,,0.0327216821,-0.0601094127,0.0246143082,,,,-0.452103921,,-0.239528276,,0.0431998355,-0.106527396,,,,0.0550194093,0.499287523,,0.0126646288,,,0.286310715,,,0.0562704709,-0.192288974,-0.497144604,,,-0.155039094,,,-0.304715147,,,0.082198789,-0.165142356,-0.356916107,,,,0.0325774704,,0.500232394,0.0158170121,-0.139293628,0.0908673958,,,,,-0.298020922,,,-0.0531373813,,,-0.271088929,0.0800139913,-0.1094815,0.210028548,,,,,,-0.314958636,,0.143535824,-0.0554592262,,,,0.452206173,,,-0.140119556,,,0.219405538,-0.00563421413,,,-0.211645417,,-0.241408441,0.133267212,-0.0290377695,,,,0.0698234271,,-0.0332195105,-0.0938849741,-0.159090921,,,,0.21830963,0.145740807,,,-0.188348782,-0.0878121491,,,-0.268861659,-0.137796906,,,-0.145298554,-0.0439837209,,,-0.073326589,0.102329658,,,0.0151983759,0.138725772,0.299977735
36.8564495000401,-0.259756985,-0.324991681,-0.142814308,0.0154031056,,,,-0.318242986,,-0.0872592945,0.00567106686,,0.102254118,,,,0.0205876322,0.373476493,-0.31554277,,,-0.0880520557,,,0.201160941,-0.0228486837,0.267305048,,,,0.170446373,,0.261701505,,,-0.102318054,0.0906944952,-0.118070532,,,,-0.304585371,,-0.42945764,,-0.191206932,0.0271159843,-0.0941374323,,,,-0.0153343229,0.580412288,,,-0.0015436213,,,0.0601913322,-0.198518662,-0.0337765627,,,,-0.378685307,,-0.236131605,,-0.11525953,-0.184500514,,,,-0.254745328,0.649463415,,0.0757760604,,,0.0753967125,,,-0.0924311312,-0.174393332,-0.364512243,,,-0.259129375,,,-0.229439409,,,-0.0795168343,-0.0778826155,-0.414315053,,,,0.0900985354,,0.35038268,0.36837158,0.00186482303,-0.0546029672,,,,,-0.25715608,,,-0.12843433,,,-0.295609742,0.00566556408,0.0395624764,0.0472907487,,,,,,-0.273337564,,0.123224789,0.049950952,,,,0.487011916,,,-0.253962861,,,0.130699365,0.0818326697,,,-0.23895847,,-0.228290999,-0.0254167979,0.0867527616,,,,-0.118471739,,-0.175767844,0.0129476001,-0.159487716,,,,0.145305099,0.36566,,,-0.267463618,-0.023369233,,,-0.232120206,-0.0709130209,,,-0.0617993574,-0.136538357,,,-0.0399993284,0.0421261215,,,0.172373527,0.0482976735,0.279849463
37.34619589290011,-0.12414429,-0.354404546,-0.0652295068,0.137301521,,,,-0.353072576,,-0.206232823,0.239612659,,0.246105973,,,,-0.0450131412,0.402943998,-0.301712674,,,-0.0765984211,,,0.160662158,-0.0276645539,0.174548324,,,,0.0303863862,,0.456197195,,,-0.0759271136,0.0339716351,-0.227158367,,,,-0.202306033,,-0.375954414,,-0.123201394,-0.0168294891,-0.0880753602,,,,-0.144401836,0.365391476,,,0.349293152,,,-0.00893263245,-0.196695973,-0.141079908,,,,-0.264450354,,-0.172491064,,-0.168741875,-0.23490485,,,,-0.50556439,0.589444422,,0.0929996512,,,-0.121154664,,,-0.138062046,-0.121956471,-0.0661254901,,,-0.294448428,,,-0.107493288,,,-0.131360514,0.0130486083,-0.376908274,,,,0.115768022,,0.116053914,0.591547125,0.108041748,-0.0900975819,,,,,-0.127300699,,,-0.19495304,,,-0.286241509,0.0120541511,0.119076286,-0.165917553,,,,,,-0.120698361,,0.0906088398,0.0641492448,,,,0.369526339,,,-0.299644205,,,-0.0123465135,0.0456291389,,,-0.173722241,,-0.180952741,-0.183445661,0.0757147113,,,,-0.237890249,,-0.268754389,0.0547440411,-0.0995637386,,,,0.0729255571,0.434712499,,,-0.274406972,0.00745954412,,,-0.138320365,0.0118053326,,,-0.0036881866,-0.134727695,,,0.0308329072,-0.0419810814,,,0.293277073,-0.00240169862,0.15597713
37.83594228576011,0.00771528018,-0.256604122,0.0668227878,0.173584152,,,,-0.237291589,,-0.295088236,0.4179299,,0.337665031,,,,-0.122158213,0.314089138,-0.135531171,,,-0.103946936,,,0.098706498,-0.0539167157,0.0765220659,,,,-0.0711917565,,0.52769441,,,-0.0887857643,-0.0318343241,-0.269213622,,,,-0.0240561832,,-0.231009574,,-0.0791574595,-0.100364824,-0.0814274963,,,,-0.260324951,0.0617634286,,,0.604157818,,,-0.17617822,-0.119380182,-0.243787489,,,,-0.142626233,,-0.0934695479,,-0.132085896,-0.206230178,,,,-0.575338517,0.373912898,,-0.000957215079,,,-0.257667636,,,-0.101894601,-0.0239729006,0.309758637,,,-0.261904811,,,0.0209052476,,,-0.0909160606,0.0957223619,-0.280039714,,,,0.0370502591,,-0.122369325,0.612650548,0.141133654,-0.0446274773,,,,,0.039220895,,,-0.254257788,,,-0.223411788,0.0343937597,0.0992832529,-0.348271505,,,,,,0.0492092469,,0.000970634464,-0.00276228866,,,,0.18445645,,,-0.284420154,,,-0.178071208,-0.078253634,,,-0.0610474859,,-0.116903622,-0.291817188,-0.0555152513,,,,-0.239947631,,-0.291272476,-0.00736524559,0.0511809294,,,,-0.0123979963,0.326339706,,,-0.213017074,-0.0236106241,,,-0.0309023001,0.0317752748,,,0.0294558214,-0.0587058562,,,0.144532459,-0.115669032,,,0.306419528,-0.0227239389,0.0057320372
38.32568867862012,0.104380937,-0.0663694072,0.241390554,0.165438093,,,,-0.00517278802,,-0.302126798,0.458568727,,0.315652816,,,,-0.192324286,0.164061973,0.134020324,,,-0.15714601,,,0.00595987274,-0.0846518565,-0.0201896579,,,,-0.106678706,,0.441038673,,,-0.114746428,-0.111061804,-0.209616646,,,,0.194794274,,-0.0772952553,,-0.106765602,-0.198785606,-0.101968852,,,,-0.297535449,-0.207768387,,,0.66240137,,,-0.352863053,-0.074540227,-0.269385261,,,,0.000656278673,,-0.02784441,,-0.0809790196,-0.0803831854,,,,-0.435621098,0.0917191738,,-0.19648461,,,-0.311460265,,,-0.0525553743,0.104466993,0.614719594,,,-0.175833758,,,0.121365569,,,-0.029546902,0.153651727,-0.150477704,,,,-0.151656585,,-0.288947499,0.442581215,0.108445486,0.000159769641,,,,,0.16179463,,,-0.271251712,,,-0.086767132,-0.00495083408,0.0238489339,-0.429655093,,,,,,0.132236432,,-0.149876671,-0.0768303868,,,,0.00810638703,,,-0.225327194,,,-0.31316838,-0.183985321,,,0.0293219806,,-0.0450174557,-0.322275699,-0.207698336,,,,-0.147376084,,-0.247352422,-0.135483394,0.258010977,,,,-0.114083038,0.111719677,,,-0.107640128,-0.102409897,,,0.0508134037,-0.0359050599,,,0.0675086771,0.0154378814,,,0.258764513,-0.137538493,,,0.194360446,-0.0449018065,-0.093651045
38.81543507148012,0.175619013,0.134759881,0.394804665,0.168278009,,,,0.23829672,,-0.194697969,0.346230516,,0.179124397,,,,-0.229477311,0.0107995511,0.3843315,,,-0.180639987,,,-0.101310854,-0.110852178,-0.118303036,,,,-0.0991423215,,0.210583046,,,-0.116781539,-0.189548938,-0.0859298732,,,,0.387495074,,0.0383001094,,-0.170608541,-0.260548983,-0.139516909,,,,-0.224085983,-0.353892577,,,0.501845316,,,-0.420516145,-0.119624027,-0.174477428,,,,0.189220407,,0.0257864812,,-0.0919437901,0.10454356,,,,-0.163736022,-0.172909836,,-0.402488755,,,-0.287884753,,,-0.0603379592,0.216568535,0.715450558,,,-0.0545897316,,,0.170857484,,,-0.0270026832,0.169582573,0.00601491758,,,,-0.373660331,,-0.346079386,0.159468352,0.0556547505,-0.0332129558,,,,,0.181079901,,,-0.20511672,,,0.121126553,-0.134014052,-0.0239453213,-0.385531601,,,,,,0.0869101098,,-0.311887599,-0.0746423401,,,,-0.128477046,,,-0.137117394,,,-0.369106685,-0.17038333,,,0.0428368199,,0.0398846884,-0.276650395,-0.256419041,,,,-0.0356978499,,-0.156994013,-0.235123658,0.422293149,,,,-0.20292684,-0.0929306787,,,0.00707207519,-0.180697371,,,0.0952442302,-0.147323409,,,0.13684664,0.0139895468,,,0.302142704,-0.0984148821,,,0.0117133015,-0.0843687453,-0.115502393
39.30518146434013,0.245243649,0.267451497,0.443274759,0.197280377,,,,0.377997551,,0.00815213128,0.137186204,,-0.0092242989,,,,-0.200225105,-0.116626488,0.491189452,,,-0.114392509,,,-0.183630194,-0.127219207,-0.208718604,,,,-0.0940803674,,-0.0875631284,,,-0.0830368248,-0.240052265,0.0251428947,,,,0.486159261,,0.122482585,,-0.1922394,-0.234898799,-0.152564694,,,,-0.0709900684,-0.359500539,,,0.186876761,,,-0.31647341,-0.213615301,0.0201517643,,,,0.403287883,,0.0837712718,,-0.178759416,0.266722787,,,,0.113044262,-0.359603454,,-0.494259897,,,-0.213903029,,,-0.148587024,0.256225627,0.565483453,,,0.0791381332,,,0.162805356,,,-0.119339134,0.137680022,0.189960307,,,,-0.50692387,,-0.306667146,-0.133594674,0.0315770264,-0.162936891,,,,,0.102550223,,,-0.0564629555,,,0.355082733,-0.305105151,0.0114083438,-0.241678296,,,,,,-0.0345806611,,-0.407890854,0.0312938985,,,,-0.229495038,,,-0.0287446169,,,-0.326847191,-0.0144985841,,,-0.0236499962,,0.147640851,-0.178669609,-0.1389164,,,,0.0204354558,,-0.044372756,-0.217281294,0.437126088,,,,-0.232477307,-0.203772467,,,0.100607464,-0.202358893,,,0.122163738,-0.223978349,,,0.225177052,-0.0747564364,,,0.224520437,-0.0373296159,,,-0.14799912,-0.122888304,-0.0911003975
39.79492785720014,0.311367849,0.301345096,0.339335791,0.212919063,,,,0.35919605,,0.230462944,-0.0808362241,,-0.165444178,,,,-0.0825082963,-0.214687947,0.403608709,,,0.0542063209,,,-0.204735082,-0.120522804,-0.265999597,,,,-0.117569629,,-0.337447824,,,-0.0333146911,-0.235525592,0.0727110851,,,,0.450938688,,0.205349591,,-0.123661645,-0.104351858,-0.100785492,,,,0.0851955953,-0.273007447,,,-0.163771871,,,-0.0800339526,-0.253848865,0.231194621,,,,0.561430478,,0.148700796,,-0.275480489,0.323536034,,,,0.298615453,-0.435298787,,-0.39033973,,,-0.121383927,,,-0.271991983,0.194863036,0.228529786,,,0.192368352,,,0.110648592,,,-0.269186428,0.0715432832,0.380442342,,,,-0.455080481,,-0.215596377,-0.350773832,0.0500890142,-0.328524017,,,,,-0.00282645352,,,0.113664298,,,0.530175054,-0.421879509,0.109635903,-0.0522179876,,,,,,-0.122606834,,-0.38138186,0.184937694,,,,-0.298527594,,,0.0927466288,,,-0.204124835,0.206750471,,,-0.11469201,,0.271073207,-0.0573042151,0.0996997103,,,,-0.0034734008,,0.0690024197,-0.0610930965,0.262717343,,,,-0.179875644,-0.213567312,,,0.159546539,-0.134540264,,,0.160082195,-0.207467175,,,0.27637986,-0.18757819,,,0.0415695739,-0.0140111427,,,-0.213819062,-0.128974211,-0.0723416962
40.28467425006014,0.33237807,0.263855277,0.109980128,0.15796056,,,,0.218321971,,0.375247204,-0.240319035,,-0.238053565,,,,0.106975261,-0.281819155,0.171878223,,,0.264872497,,,-0.159421834,-0.0682898117,-0.263693944,,,,-0.153959882,,-0.438815448,,,0.00582323694,-0.161311517,0.0714626153,,,,0.283375066,,0.29480796,,0.0102114688,0.0952883731,0.0202674097,,,,0.173557421,-0.164082539,,,-0.429422032,,,0.174317417,-0.165451408,0.353421893,,,,0.561410098,,0.194626817,,-0.282777811,0.239732942,,,,0.374581722,-0.39435104,,-0.109703916,,,-0.0301720295,,,-0.338809267,0.0551204392,-0.158310916,,,0.244764418,,,0.0437931005,,,-0.379375028,-0.00196202437,0.520691818,,,,-0.210075835,,-0.115210752,-0.446957998,0.0791649069,-0.421422429,,,,,-0.0481468131,,,0.21596401,,,0.555267244,-0.399657218,0.186539897,0.13005005,,,,,,-0.0894020435,,-0.231002658,0.280317762,,,,-0.316538421,,,0.215913082,,,-0.0425401081,0.362304995,,,-0.148217504,,0.369229089,0.0653803749,0.331764883,,,,-0.0705409693,,0.165842222,0.166728354,-0.034605949,,,,-0.0737450092,-0.174464682,,,0.190635118,0.0116291464,,,0.212540906,-0.0949843843,,,0.226632614,-0.231700233,,,-0.164178487,-0.0571243499,,,-0.181045315,-0.0936472399,-0.0844821919
40.77442064292015,0.255293698,0.205492959,-0.15402641,0.0138084342,,,,0.0516824913,,0.381783582,-0.319515084,,-0.232065087,,,,0.302034311,-0.302781709,-0.0871102842,,,0.409962921,,,-0.0786276165,0.0438015712,-0.193565517,,,,-0.158752129,,-0.36451894,,,0.0307111459,-0.023560363,0.0818657129,,,,0.0246985821,,0.356603312,,0.134040929,0.281471987,0.167031767,,,,0.173732564,-0.0757563841,,,-0.533643824,,,0.333980659,0.0319242469,0.317806638,,,,0.353606962,,0.181713076,,-0.145171941,0.0507800871,,,,0.382051856,-0.260297675,,0.230915417,,,0.056580143,,,-0.267998748,-0.0985394537,-0.454679398,,,0.208551258,,,-0.00702898581,,,-0.348323558,-0.0598458797,0.535402043,,,,0.134745669,,-0.022221496,-0.41949766,0.067132922,-0.350373461,,,,,0.0029337045,,,0.195946515,,,0.384164224,-0.218722775,0.159060258,0.27188279,,,,,,0.0648308214,,-0.00984903893,0.234942585,,,,-0.25571336,,,0.320327537,,,0.114545563,0.349796126,,,-0.0703836389,,0.376271252,0.175445251,0.425526187,,,,-0.113304016,,0.233309343,0.349949398,-0.314025361,,,,0.0201064107,-0.141352506,,,0.208977328,0.1823321,,,0.241927272,0.0648306197,,,0.0585712666,-0.153774466,,,-0.292072005,-0.132737192,,,-0.10471595,-0.0445126107,-0.109242965
41.26416703578015,0.0654587144,0.152325245,-0.350396725,-0.172207728,,,,-0.0544904598,,0.263092321,-0.330384658,,-0.189031261,,,,0.411797959,-0.257016891,-0.260772205,,,0.399229546,,,-0.00680086971,0.197134975,-0.0714447068,,,,-0.0949232017,,-0.177439887,,,0.0650283326,0.145416565,0.148249546,,,,-0.253285958,,0.335655036,,0.186200958,0.360774626,0.267542462,,,,0.120516923,-0.00706660656,,,-0.466058182,,,0.356544769,0.234995418,0.133614662,,,,-0.00902737987,,0.0902652453,,0.0992550457,-0.154162656,,,,0.361534497,-0.0826717623,,0.481443596,,,0.1408279,,,-0.0476595976,-0.19773962,-0.577019095,,,0.0941404146,,,-0.0281108426,,,-0.138184564,-0.0964622753,0.374824134,,,,0.432775659,,0.0670661724,-0.296860555,-0.013026682,-0.103396999,,,,,0.104299734,,,0.0785692463,,,0.0539630573,0.0618272646,0.0132628415,0.35962381,,,,,,0.246589709,,0.205789253,0.0508718562,,,,-0.114841442,,,0.376104778,,,0.238031019,0.160952692,,,0.102138692,,0.240753918,0.261042596,0.324267362,,,,-0.0814314083,,0.263722793,0.392528906,-0.445142039,,,,0.0475520794,-0.126623948,,,0.217327017,0.305634208,,,0.190409399,0.205715451,,,-0.169580237,0.0203764419,,,-0.288400869,-0.164157567,,,-0.0505868962,-0.0217506255,-0.109323506
41.75391342864016,-0.184596387,0.0869518146,-0.420588875,-0.312731547,,,,-0.0802614829,,0.0936844194,-0.28924638,,-0.144896385,,,,0.372842982,-0.141258459,-0.300220764,,,0.221277424,,,0.0300328353,0.331757932,0.0721828658,,,,0.0349585787,,0.0107102993,,,0.132769518,0.288305017,0.248804554,,,,-0.462946158,,0.199757845,,0.166957071,0.279865054,0.261421642,,,,0.0675521818,0.0655420249,,,-0.275779488,,,0.28110869,0.334739774,-0.111828362,,,,-0.385722766,,-0.0539613208,,0.336002451,-0.280354956,,,,0.306761328,0.0790483168,,0.543756126,,,0.211947112,,,0.24446684,-0.209908866,-0.519083087,,,-0.0429933688,,,-0.0310533456,,,0.187492216,-0.120504661,0.0581738793,,,,0.564866346,,0.15202034,-0.124200191,-0.135551907,0.233073486,,,,,0.15894893,,,-0.0441761035,,,-0.318253542,0.33488936,-0.178445964,0.387903543,,,,,,0.329335635,,0.354121028,-0.181042005,,,,0.0598478174,,,0.34980112,,,0.314960098,-0.11214712,,,0.283592625,,-0.026741731,0.307606574,0.076778052,,,,0.0265226449,,0.253571786,0.273316655,-0.387151799,,,,0.00994601228,-0.101993293,,,0.193463573,0.327299947,,,0.0287829436,0.279758782,,,-0.348743972,0.203987575,,,-0.179313223,-0.0917342472,,,-0.0446510087,-0.0370331737,-0.0680599696
42.24365982150017,-0.394758805,-0.0254911888,-0.370111414,-0.339511454,,,,-0.0732226206,,-0.0446271531,-0.200454002,,-0.102592583,,,,0.194124571,0.0173160725,-0.232985006,,,-0.0422758036,,,0.0395161292,0.370428882,0.20417175,,,,0.183077628,,0.112526062,,,0.223334973,0.338495603,0.302359197,,,,-0.526100044,,-0.0289008084,,0.129613327,0.0634301678,0.136639011,,,,0.0421750847,0.150904761,,,-0.044228769,,,0.181411445,0.295894098,-0.298163179,,,,-0.621018962,,-0.186428141,,0.447140023,-0.277880759,,,,0.173945744,0.180876502,,0.42146828,,,0.240809425,,,0.476708271,-0.151403624,-0.333230009,,,-0.129375116,,,-0.0419128066,,,0.486610241,-0.137502323,-0.315829725,,,,0.500967838,,0.210370997,0.0495460469,-0.232461706,0.513705343,,,,,0.0941388875,,,-0.0779956482,,,-0.585763624,0.499283673,-0.304455899,0.349610163,,,,,,0.238508997,,0.408412908,-0.337086443,,,,0.192873853,,,0.21846676,,,0.340016468,-0.331912641,,,0.367543625,,-0.335076106,0.299453443,-0.195252263,,,,0.164658842,,0.199528778,0.0521690683,-0.205842619,,,,-0.0352528077,-0.0390333338,,,0.101688389,0.237760294,,,-0.20309841,0.273475947,,,-0.385969248,0.308720312,,,-0.0467243562,0.0744147922,,,-0.0610166043,-0.0554536036,-0.00598169121
42.73340621436017,-0.474426482,-0.189596419,-0.246119709,-0.248893434,,,,-0.0968586386,,-0.117297743,-0.0654223634,,-0.0398606239,,,,-0.0412055684,0.171015231,-0.128511791,,,-0.263096322,,,0.0498281132,0.266451158,0.292264192,,,,0.279853629,,0.116873341,,,0.282514956,0.252669331,0.229909509,,,,-0.40902956,,-0.27653886,,0.124764616,-0.188090367,-0.0584372935,,,,0.0287887866,0.223801269,,,0.149342029,,,0.103701291,0.174066008,-0.337140061,,,,-0.627585193,,-0.241131649,,0.386781067,-0.164139416,,,,-0.061606697,0.213294441,,0.202786371,,,0.196065075,,,0.537038661,-0.0663929917,-0.0949132559,,,-0.121833375,,,-0.0768239293,,,0.614592931,-0.134657673,-0.605203203,,,,0.30353037,,0.208649665,0.182912106,-0.236208982,0.611884523,,,,,-0.076352973,,,0.0032494778,,,-0.643925494,0.505090938,-0.288628203,0.236082847,,,,,,0.00396729295,,0.373540963,-0.336727797,,,,0.226946441,,,-0.0108222568,,,0.307259238,-0.394039385,,,0.292664203,,-0.547306393,0.226297844,-0.367131061,,,,0.268117593,,0.0958813434,-0.170594851,-0.0184711318,,,,-0.0203377583,0.0533709084,,,-0.0728596084,0.0744836058,,,-0.40158231,0.201230854,,,-0.266689904,0.298701114,,,0.0334138017,0.252879801,,,-0.0538846935,-0.0221199607,0.0405198832
43.22315260722018,-0.395782373,-0.353933169,-0.0975251187,-0.0989646438,,,,-0.169721077,,-0.149604059,0.0973679517,,0.0588133076,,,,-0.224230386,0.275679072,-0.0466091063,,,-0.343752037,,,0.0802251775,0.0435892101,0.304076481,,,,0.271165208,,0.081330911,,,0.244014006,0.0461297136,0.0232256918,,,,-0.150470509,,-0.450954174,,0.148723813,-0.347350697,-0.235425301,,,,-0.00748106785,0.240270105,,,0.256019231,,,0.0392983896,0.0607820392,-0.219624738,,,,-0.425299013,,-0.1924423,,0.204565119,-0.00628021155,,,,-0.35267386,0.198584346,,-0.00692430427,,,0.0740016931,,,0.39853056,0.00931123485,0.126301898,,,-0.0412732055,,,-0.122548066,,,0.50839278,-0.0854357267,-0.69155744,,,,0.0745317162,,0.134061865,0.251157343,-0.124346519,0.488862885,,,,,-0.25261309,,,0.134791175,,,-0.481348436,0.368002246,-0.136540786,0.0480501601,,,,,,-0.254582472,,0.269195141,-0.186205979,,,,0.163095965,,,-0.286364849,,,0.210373868,-0.280669155,,,0.0827092084,,-0.555683687,0.0898768896,-0.373708873,,,,0.28746787,,-0.0591613616,-0.30935833,0.0892547065,,,,0.0758870893,0.130820175,,,-0.291093526,-0.100330299,,,-0.456402506,0.0888855209,,,-0.0650458223,0.201486047,,,0.0421930725,0.344361654,,,-0.0022350631,0.0857089213,0.056464737
43.71289900008018,-0.205140642,-0.433801668,0.0487373583,0.0363786377,,,,-0.245486817,,-0.189066759,0.245780021,,0.17636224,,,,-0.287556498,0.307871693,-0.00528650629,,,-0.274352892,,,0.120460768,-0.204762586,0.215406526,,,,0.148263813,,0.0735675011,,,0.0823002718,-0.196235933,-0.234500489,,,,0.142710287,,-0.483251713,,0.143158112,-0.331295561,-0.30915083,,,,-0.0795183277,0.1740618,,,0.269080681,,,-0.0507416343,0.00660621822,-0.0162183776,,,,-0.117161303,,-0.070525013,,0.00321226924,0.12265364,,,,-0.582107963,0.167161638,,-0.151052268,,,-0.0824230401,,,0.133398064,0.0693591529,0.280568177,,,0.0389502451,,,-0.139431324,,,0.223310407,0.0250625208,-0.539948477,,,,-0.112154648,,0.0183752237,0.250763176,0.0640423908,0.211174453,,,,,-0.314521447,,,0.205080247,,,-0.180270367,0.150352769,0.0764180866,-0.189850984,,,,,,-0.398597928,,0.11597286,0.0358271526,,,,0.0607042156,,,-0.516729917,,,0.0514821507,-0.0589585139,,,-0.165734985,,-0.349728333,-0.0921779078,-0.231299957,,,,0.210114946,,-0.247433582,-0.327534589,0.111222883,,,,0.206066408,0.152463128,,,-0.459892869,-0.230637748,,,-0.32432535,-0.0378928299,,,0.107222774,0.075220185,,,0.0201211179,0.299308595,,,0.0724604153,0.226425477,0.0638327282
44.20264539294019,0.0124339574,-0.368274133,0.181979438,0.117426409,,,,-0.249960255,,-0.251259506,0.330752735,,0.26576709,,,,-0.242989442,0.264138144,0.0149345025,,,-0.12978542,,,0.13635137,-0.364317021,0.0327894744,,,,-0.0441175543,,0.111053387,,,-0.15369633,-0.353024686,-0.414699349,,,,0.342997343,,-0.35673301,,0.0483131177,-0.151163199,-0.241708526,,,,-0.156560962,0.0430761899,,,0.216313435,,,-0.1846478,-0.0123642761,0.167973965,,,,0.173553647,,0.0609513679,,-0.134131556,0.183820548,,,,-0.626865965,0.131592182,,-0.239044315,,,-0.1970896,,,-0.133870784,0.126983688,0.341867054,,,0.0474224522,,,-0.0883315055,,,-0.103107869,0.173396153,-0.216490969,,,,-0.24311957,,-0.0730382311,0.196648687,0.248941648,-0.0939537909,,,,,-0.205553237,,,0.136548202,,,0.131786858,-0.0754043793,0.257726063,-0.421826658,,,,,,-0.35170958,,-0.0668367451,0.232411237,,,,-0.00428889322,,,-0.602761223,,,-0.148493584,0.166401475,,,-0.338701647,,-0.028293645,-0.285018002,-0.0151608915,,,,0.0617991458,,-0.417300059,-0.237551044,0.102441715,,,,0.28522856,0.119886425,,,-0.477667295,-0.285997096,,,-0.0652327511,-0.155726328,,,0.175833795,-0.0355664701,,,0.023358968,0.14801831,,,0.128560556,0.313943667,0.0980056948
44.6923917858002,0.185059705,-0.167486925,0.287563249,0.15373034,,,,-0.144280101,,-0.296542311,0.3230427,,0.278295223,,,,-0.161593396,0.151486379,0.0413955772,,,-0.011132297,,,0.0970744298,-0.368034993,-0.186146851,,,,-0.224541549,,0.148944226,,,-0.356722189,-0.333696226,-0.424281138,,,,0.371618398,,-0.113527651,,-0.13462181,0.0930588105,-0.0637466122,,,,-0.182413324,-0.0964636487,,,0.138315111,,,-0.327491926,-0.059383583,0.254638263,,,,0.360383748,,0.147322484,,-0.191120777,0.183585446,,,,-0.439873403,0.080462469,,-0.308539993,,,-0.205563145,,,-0.301846908,0.185864716,0.309879046,,,-0.0272993088,,,0.0361384098,,,-0.335656378,0.295423898,0.146231776,,,,-0.342889532,,-0.085376773,0.113537842,0.350866661,-0.314160996,,,,,0.0270325866,,,-0.0545698584,,,0.34699168,-0.258079421,0.346487145,-0.570189117,,,,,,-0.140495218,,-0.254649549,0.33871102,,,,0.00773698188,,,-0.4867403,,,-0.346189401,0.310561744,,,-0.36632333,,0.257210325,-0.438207417,0.185421234,,,,-0.107260227,,-0.49149191,-0.079516431,0.117143553,,,,0.250985813,0.0778273639,,,-0.302179057,-0.261272386,,,0.190318808,-0.24097732,,,0.147111261,-0.119859947,,,0.0732247274,-0.0273481007,,,0.14292946,0.278425281,0.165668094
45.1821381786602,0.284122479,0.08745364,0.337852938,0.177171755,,,,0.0377601886,,-0.259316316,0.227659403,,0.194814935,,,,-0.112097428,-0.0135092643,0.0814753873,,,0.0252938521,,,0.00255097335,-0.23696685,-0.341800065,,,,-0.309693324,,0.124800591,,,-0.422447418,-0.139591076,-0.263913843,,,,0.244750093,,0.159842434,,-0.326037754,0.272794977,0.139926877,,,,-0.119880151,-0.183656933,,,0.0653438337,,,-0.404493322,-0.167303637,0.230281189,,,,0.415037459,,0.17326449,,-0.20823594,0.152483429,,,,-0.0888069126,-0.00185199742,,-0.36976795,,,-0.102703375,,,-0.344186825,0.221042475,0.209615154,,,-0.121957058,,,0.190830366,,,-0.415925254,0.318000634,0.414650301,,,,-0.422082913,,-0.0191206469,0.0266995123,0.327050745,-0.407254653,,,,,0.263212918,,,-0.262297755,,,0.41999492,-0.377678838,0.326736838,-0.563139919,,,,,,0.126655615,,-0.411554857,0.33699944,,,,0.0746753381,,,-0.191905652,,,-0.483287539,0.339874548,,,-0.252423939,,0.391934692,-0.494254685,0.305457639,,,,-0.242349592,,-0.404068187,0.0987154124,0.159183554,,,,0.107126742,0.0735251369,,,0.00744302755,-0.165524179,,,0.322914468,-0.270110066,,,0.0890416329,-0.185917643,,,0.14086524,-0.152772725,,,0.128633483,0.12050606,0.224996452
45.67188457152021,0.316940611,0.292462643,0.30551176,0.201268151,,,,0.208945171,,-0.106792881,0.0765679905,,0.038551694,,,,-0.106488513,-0.193191105,0.117533362,,,-5.50509335e-05,,,-0.110146238,-0.0630793906,-0.34177508,,,,-0.253671643,,0.020407836,,,-0.316078258,0.126954903,-0.024155567,,,,0.060497623,,0.362837532,,-0.413985519,0.307001335,0.27432819,,,,0.0147913131,-0.188480754,,,0.00588997724,,,-0.350128302,-0.296232729,0.139143388,,,,0.354811048,,0.15961634,,-0.230500028,0.112741234,,,,0.277750091,-0.106744136,,-0.382173713,,,0.0445681243,,,-0.304954264,0.191037016,0.0832648843,,,-0.143309595,,,0.30114621,,,-0.376737334,0.20709232,0.51269788,,,,-0.445535081,,0.0632698905,-0.043434429,0.185327686,-0.401611869,,,,,0.386306765,,,-0.356835119,,,0.36928546,-0.432865084,0.210876866,-0.371842273,,,,,,0.324317566,,-0.492791629,0.239465396,,,,0.131526068,,,0.17581867,,,-0.504152844,0.266181236,,,-0.0596670255,,0.35829295,-0.408308062,0.319238983,,,,-0.302384212,,-0.149577427,0.248882225,0.18506017,,,,-0.0805359519,0.110306144,,,0.311909705,-0.0161927219,,,0.297728798,-0.226218463,,,0.0692547041,-0.23324606,,,0.176400446,-0.205471173,,,0.115594834,-0.0851803465,0.211528161
46.16163096438022,0.298419183,0.380165031,0.186838668,0.204036637,,,,0.288883673,,0.121661261,-0.0893358417,,-0.135505607,,,,-0.0961050734,-0.322507157,0.124766459,,,-0.0179658165,,,-0.185956804,0.0555215463,-0.165242103,,,,-0.0745127138,,-0.113605338,,,-0.0971641493,0.319526129,0.174563051,,,,-0.0685494469,,0.419987956,,-0.331459548,0.203836494,0.284081434,,,,0.156396828,-0.12415231,,,-0.0474694426,,,-0.156647236,-0.355746722,0.0414551693,,,,0.218882525,,0.133314495,,-0.259491522,0.0618544498,,,,0.512858839,-0.191693313,,-0.284910375,,,0.136300168,,,-0.246585802,0.0744824503,-0.0271862962,,,-0.0415307629,,,0.301462225,,,-0.292766049,-0.00204097475,0.443440319,,,,-0.352185585,,0.0800878065,-0.0830329617,-0.0243027491,-0.348855367,,,,,0.347739329,,,-0.267926105,,,0.247139981,-0.420146804,0.0232510531,-0.0376370821,,,,,,0.375515658,,-0.457696656,0.0680402746,,,,0.117514028,,,0.472408433,,,-0.378397848,0.121385314,,,0.131707008,,0.228557831,-0.175675131,0.234299439,,,,-0.271335006,,0.191200204,0.324114492,0.151580031,,,,-0.229207258,0.138483087,,,0.470262536,0.154969391,,,0.17671134,-0.109153133,,,0.101547536,-0.240166738,,,0.153374822,-0.209722641,,,0.114177729,-0.240624639,0.0922012972
46.65137735724022,0.231678601,0.348638405,0.0129659688,0.148697829,,,,0.257066326,,0.328927532,-0.231222967,,-0.263719895,,,,-0.0208228831,-0.3298339,0.0940765064,,,0.0262933752,,,-0.182993574,0.0805394158,0.105966883,,,,0.14754109,,-0.192854832,,,0.117034847,0.336944473,0.254042566,,,,-0.0900452959,,0.315795414,,-0.107089565,0.0421615299,0.180038419,,,,0.232176445,-0.0314382766,,,-0.101127013,,,0.111925257,-0.27412995,-0.0290627056,,,,0.0528925105,,0.0988807897,,-0.249278941,-0.0153661888,,,,0.545654298,-0.203370422,,-0.0570874422,,,0.108803433,,,-0.194554069,-0.0994269727,-0.0981601947,,,0.143616438,,,0.173979752,,,-0.211593788,-0.217710024,0.269226859,,,,-0.113583557,,-0.00593994642,-0.0868250403,-0.230065248,-0.271451137,,,,,0.17945977,,,-0.0307753783,,,0.105168855,-0.324634567,-0.196356216,0.330554166,,,,,,0.280112371,,-0.289094688,-0.145330395,,,,0.0173255933,,,0.58543899,,,-0.120339518,-0.0605871858,,,0.260694689,,0.100580659,0.147876242,0.0783940066,,,,-0.160913485,,0.477316388,0.288675047,0.0615525012,,,,-0.288579487,0.0952522737,,,0.424969312,0.29498887,,,0.062910481,0.0564808966,,,0.142349982,-0.179061311,,,0.0883929003,-0.197069239,,,0.0988408041,-0.288827848,-0.0978032957
47.14112375010023,0.113685173,0.243905234,-0.161585758,0.0228785736,,,,0.158031548,,0.419536047,-0.311712803,,-0.29634627,,,,0.129590789,-0.184054006,0.0402791217,,,0.125336256,,,-0.0957867429,0.0520356043,0.323393649,,,,0.304888041,,-0.165377881,,,0.22577682,0.184336722,0.214662412,,,,-0.0387401054,,0.106908463,,0.148857391,-0.0893461478,0.026674476,,,,0.208872423,0.0489062245,,,-0.146432527,,,0.34863356,-0.0590030294,-0.077423795,,,,-0.0968726371,,0.0373380527,,-0.148287611,-0.118891261,,,,0.402264351,-0.119723232,,0.242407685,,,-0.0148910317,,,-0.122865642,-0.2560612,-0.130683622,,,0.301321191,,,-0.0381167326,,,-0.121753867,-0.342715313,0.0699280302,,,,0.217689063,,-0.151625148,-0.0619680889,-0.361545495,-0.149290915,,,,,-0.0423014589,,,0.233784666,,,-0.0229287428,-0.133408869,-0.381246971,0.595735357,,,,,,0.0968534799,,-0.0109442689,-0.344318172,,,,-0.129767059,,,0.488853524,,,0.204187584,-0.242166367,,,0.2987659,,0.0287157697,0.452617987,-0.108574503,,,,-0.00506102812,,0.579947906,0.138049288,-0.0350260964,,,,-0.25970482,-0.0379703251,,,0.233455011,0.339672618,,,0.0219905159,0.221257129,,,0.135182265,-0.0453697257,,,0.0207168092,-0.170962455,,,0.0308592295,-0.24197983,-0.269521512
47.63087014296023,-0.0440645489,0.117466636,-0.283354787,-0.138327175,,,,0.058393298,,0.359475314,-0.295793213,,-0.214202084,,,,0.293554618,0.0647732531,-0.00988239859,,,0.214647337,,,0.0415110476,0.0464763265,0.361043033,,,,0.317229113,,-0.0534563151,,,0.205380631,-0.0369703189,0.11788051,,,,0.0036081997,,-0.102143356,,0.313028907,-0.148474328,-0.101005115,,,,0.110223179,0.0946262556,,,-0.16043042,,,0.456217926,0.198120347,-0.12472578,,,,-0.190369169,,-0.0665308458,,0.0478322433,-0.216773869,,,,0.170540816,0.0223885662,,0.491476359,,,-0.134870968,,,0.00975415152,-0.318094303,-0.139465364,,,0.321875684,,,-0.2506723,,,0.0187008841,-0.3300133,-0.0934234437,,,,0.514593039,,-0.255901991,-0.0296206016,-0.372088912,0.0447383046,,,,,-0.243762295,,,0.389781024,,,-0.119119796,0.13626085,-0.448476675,0.654448155,,,,,,-0.0996425995,,0.305977482,-0.449008449,,,,-0.25447129,,,0.250005718,,,0.49164218,-0.373046725,,,0.243301367,,0.000827690608,0.616235033,-0.276993642,,,,0.150683414,,0.458062969,-0.0849154884,-0.0849471898,,,,-0.176515478,-0.209470576,,,0.0227688162,0.245816608,,,0.0415862708,0.322629428,,,0.061846781,0.125473299,,,-0.0261550519,-0.107659646,,,-0.0981771781,-0.155598997,-0.337994888
48.12061653582024,-0.203482862,-0.0043645751,-0.319019259,-0.265670142,,,,-0.00561719334,,0.192373423,-0.167501033,,-0.0395225087,,,,0.37530963,0.292463996,-0.0382303266,,,0.224576153,,,0.170801025,0.107961037,0.198505905,,,,0.176955066,,0.0640253867,,,0.114427145,-0.202147167,0.0351681833,,,,-0.0185531586,,-0.213586734,,0.323064463,-0.151674038,-0.161842884,,,,-0.00630138956,0.102994577,,,-0.121998854,,,0.393363958,0.376080215,-0.174637544,,,,-0.207291155,,-0.193959089,,0.275185346,-0.25810077,,,,-0.0564202347,0.14099032,,0.570984179,,,-0.144264897,,,0.204688244,-0.256372107,-0.13412773,,,0.170806158,,,-0.379100022,,,0.220865092,-0.205726056,-0.19293861,,,,0.640845331,,-0.22868262,-0.0174321498,-0.257847905,0.292636075,,,,,-0.375665501,,,0.361654359,,,-0.172448349,0.417494164,-0.344063257,0.488371551,,,,,,-0.254215152,,0.558932772,-0.39184905,,,,-0.296092353,,,-0.0138628158,,,0.636074658,-0.396665864,,,0.1084799,,-0.0285956462,0.564401774,-0.373084681,,,,0.260792581,,0.184993058,-0.296853949,-0.0798493144,,,,-0.0728241986,-0.32661543,,,-0.0991050191,0.0277087837,,,0.0562873215,0.308081054,,,-0.0434148063,0.268395987,,,-0.0632389435,0.0100965601,,,-0.242514561,-0.0761264425,-0.278644413
48.61036292868025,-0.310842903,-0.118632926,-0.260227092,-0.295851816,,,,-0.0464336691,,0.00338775696,0.0433051384,,0.162601695,,,,0.313933253,0.366798433,-0.0463677568,,,0.136377355,,,0.234875716,0.207596889,-0.0635811955,,,,-0.0438922408,,0.113768845,,,0.0422712471,-0.243734134,0.00259622754,,,,-0.0883712716,,-0.191568155,,0.207132182,-0.140114907,-0.164354345,,,,-0.0926650106,0.081867223,,,-0.0319000954,,,0.192302256,0.39651886,-0.200701755,,,,-0.158610079,,-0.289185816,,0.4303778,-0.208738226,,,,-0.218154795,0.161005731,,0.436265138,,,-0.0122588791,,,0.397111411,-0.110313543,-0.109645589,,,-0.0873353029,,,-0.376548159,,,0.426457977,-0.0458609956,-0.227588887,,,,0.532236867,,-0.057829205,-0.0421146966,-0.0657323523,0.511280396,,,,,-0.408101993,,,0.170056368,,,-0.177222523,0.60624029,-0.0954302707,0.174931106,,,,,,-0.339559011,,0.649471568,-0.172398403,,,,-0.231523636,,,-0.200584194,,,0.574785563,-0.281044146,,,-0.0748932852,,-0.0849298564,0.315716559,-0.355215111,,,,0.289797678,,-0.0962553157,-0.408683806,-0.0630905531,,,,0.0354921581,-0.319307489,,,-0.109618121,-0.232458603,,,0.0122202868,0.162610318,,,-0.125795319,0.319880163,,,-0.117163816,0.159965239,,,-0.32407466,-0.00886783372,-0.138206902
49.10010932154025,-0.323726867,-0.221516028,-0.120772426,-0.209231551,,,,-0.0974097994,,-0.137717496,0.251135527,,0.301308101,,,,0.129827768,0.234920858,-0.0490364191,,,-0.00278472234,,,0.200972362,0.263913529,-0.270575461,,,,-0.233451627,,0.0828297282,,,0.040708103,-0.182554659,0.00935220015,,,,-0.134572273,,-0.0807773883,,0.0537069344,-0.134047651,-0.145472947,,,,-0.138381854,0.0428460346,,,0.0788276673,,,-0.0575621429,0.264877507,-0.166851502,,,,-0.0820515747,,-0.291962395,,0.430300573,-0.0818851229,,,,-0.291747496,0.0695550169,,0.145664746,,,0.182089433,,,0.484533937,0.0386521066,-0.0556003059,,,-0.329370832,,,-0.251232647,,,0.529475551,0.0738143256,-0.209396915,,,,0.237297922,,0.174384083,-0.0923365839,0.12020604,0.589106328,,,,,-0.323429129,,,-0.0885627431,,,-0.13902559,0.60844017,0.178655006,-0.151834041,,,,,,-0.343949091,,0.528945055,0.115472953,,,,-0.0823371546,,,-0.269002433,,,0.32271954,-0.0547863248,,,-0.25564101,,-0.148030689,-0.0209516913,-0.21736572,,,,0.221053879,,-0.260695379,-0.371099775,-0.0872727632,,,,0.142127909,-0.188173341,,,-0.0689183527,-0.417664445,,,-0.0850006112,-0.0733689203,,,-0.156284016,0.249513516,,,-0.192191489,0.279675284,,,-0.286633129,0.0687356214,0.00593635042
49.58985571440026,-0.233843176,-0.289889981,0.0634196343,-0.0407291456,,,,-0.167569072,,-0.210459076,0.346446613,,0.29935294,,,,-0.0873969793,-0.0320884262,-0.056894463,,,-0.116560891,,,0.0755857086,0.20845387,-0.316211809,,,,-0.304394375,,0.0212232601,,,0.0897183486,-0.0918709677,0.020044138,,,,-0.0969382041,,0.027586314,,-0.0513412661,-0.116006267,-0.13185651,,,,-0.163310248,0.000258707655,,,0.160490922,,,-0.250433076,0.0578835735,-0.0636663115,,,,-0.0187181231,,-0.182915264,,0.263263775,0.0631550991,,,,-0.27838197,-0.0680226455,,-0.171492174,,,0.296009709,,,0.393481466,0.121071538,0.02369893,,,-0.445970728,,,-0.0580192484,,,0.44618425,0.118655423,-0.154049481,,,,-0.110603281,,0.33847085,-0.127781826,0.216195537,0.458166064,,,,,-0.128615883,,,-0.299799668,,,-0.0788020282,0.397305099,0.327493069,-0.368624945,,,,,,-0.260667666,,0.230123086,0.3214075,,,,0.0976045935,,,-0.241946628,,,-0.0260174521,0.18667904,,,-0.369138685,,-0.17447556,-0.301068222,-0.00405527976,,,,0.0649782332,,-0.271797999,-0.201962337,-0.159624424,,,,0.230379591,-0.00114765842,,,-0.0564338367,-0.438403508,,,-0.177536974,-0.310311472,,,-0.150186663,0.0744166847,,,-0.251237488,0.302480912,,,-0.139262475,0.165726334,0.102004073
50.07960210726026,-0.071069154,-0.288339783,0.232727318,0.138937001,,,,-0.221639928,,-0.234011635,0.26132692,,0.140279773,,,,-0.239243804,-0.27762057,-0.0647943869,,,-0.156296148,,,-0.0947007731,0.0441144037,-0.205802354,,,,-0.241869291,,-0.00754685703,,,0.120855077,-0.0305476076,0.00765807802,,,,0.0171722315,,0.0609679788,,-0.0746805179,-0.0552837579,-0.116457111,,,,-0.185400794,-0.0302759126,,,0.171159342,,,-0.311463455,-0.126155115,0.0722170474,,,,0.0136008685,,-0.00529973165,,-0.00068799524,0.156537083,,,,-0.193617201,-0.148835233,,-0.384487103,,,0.221856754,,,0.136955372,0.120730075,0.0983769006,,,-0.396145771,,,0.12793822,,,0.18139405,0.102255831,-0.0787139071,,,,-0.368897868,,0.337041877,-0.102053635,0.184977791,0.149272079,,,,,0.122226575,,,-0.388414455,,,-0.026015436,0.0422524693,0.268176338,-0.419305118,,,,,,-0.0952056751,,-0.137241932,0.330853,,,,0.244093421,,,-0.173172738,,,-0.336430111,0.32451739,,,-0.361904064,,-0.142934736,-0.420475093,0.200205275,,,,-0.136032141,,-0.18718252,0.0233642161,-0.225428911,,,,0.265992897,0.155726752,,,-0.1019867,-0.284676299,,,-0.207372313,-0.444413249,,,-0.142865412,-0.14726798,,,-0.237968738,0.201131911,,,0.047135377,0.250032244,0.149327074
50.56934850012027,0.109888347,-0.196337659,0.314554402,0.256046471,,,,-0.204923906,,-0.230848325,0.0259195568,,-0.107701677,,,,-0.279508549,-0.360242743,-0.0562345239,,,-0.131323253,,,-0.23946869,-0.150728209,-0.0364462572,,,,-0.103572342,,0.0159494795,,,0.0772276713,-0.00199527653,-0.0282461155,,,,0.133729706,,0.0147691068,,-0.042300249,0.0512856336,-0.0697530379,,,,-0.194470929,-0.0396471128,,,0.102091134,,,-0.230467915,-0.218240841,0.175319991,,,,0.0282446455,,0.157156342,,-0.245142192,0.16275314,,,,-0.0680181494,-0.105666139,,-0.424243683,,,-0.0303758606,,,-0.18010332,0.0746488003,0.126131992,,,-0.214178163,,,0.242258495,,,-0.160242006,0.0634805079,-0.00224146009,,,,-0.457535755,,0.163513306,0.0015163219,0.0629204581,-0.212879708,,,,,0.328372432,,,-0.343173035,,,-0.00257332413,-0.315670499,0.0539373133,-0.329211456,,,,,,0.116258891,,-0.431821015,0.150723648,,,,0.305019187,,,-0.107221341,,,-0.494587458,0.290757577,,,-0.222699178,,-0.0781551254,-0.365967117,0.309777028,,,,-0.312992158,,-0.100930288,0.213210897,-0.207986112,,,,0.214199537,0.23220718,,,-0.167033593,-0.0312482984,,,-0.165021703,-0.407595174,,,-0.147782328,-0.336596719,,,-0.124453185,0.00750775988,,,0.188017302,0.262827348,0.176387243
51.05909489298028,0.248618846,-0.0320358805,0.255784094,0.262614937,,,,-0.0927024871,,-0.199855821,-0.233365212,,-0.317155685,,,,-0.231191519,-0.24584059,-0.020161908,,,-0.09000773,,,-0.294985496,-0.275866677,0.0846678035,,,,0.0263009856,,0.0511797007,,,-0.0382272612,0.0308739841,-0.0673376382,,,,0.169897517,,-0.0513548261,,-0.00699833508,0.161705268,0.0247074781,,,,-0.156953717,-0.0351167131,,,-0.0141400079,,,-0.0655212561,-0.20325405,0.194579149,,,,0.0504586153,,0.232573694,,-0.366337816,0.101543558,,,,0.0535237395,0.038757334,,-0.305942118,,,-0.328081662,,,-0.414279476,0.0369038694,0.0835831227,,,0.0227993786,,,0.25541315,,,-0.428720087,0.0376532347,0.0573145987,,,,-0.383907973,,-0.0962270745,0.146663077,-0.0547395325,-0.474962017,,,,,0.38791825,,,-0.20304534,,,-0.00908305739,-0.532863015,-0.148818893,-0.174400022,,,,,,0.301490953,,-0.546732037,-0.0806347612,,,,0.257793674,,,-0.0595958641,,,-0.460507521,0.122410946,,,0.0025093093,,-0.0299725844,-0.209515666,0.286395501,,,,-0.391604159,,-0.0706062216,0.306264602,-0.074300897,,,,0.0692800655,0.231884073,,,-0.186555302,0.208294445,,,-0.0923728041,-0.205373206,,,-0.138233545,-0.419060175,,,0.0564264556,-0.203621058,,,0.239190446,0.164608422,0.197048391
51.54884128584028,0.295586983,0.147757773,0.0639371427,0.152665278,,,,0.0781319299,,-0.122272513,-0.365342122,,-0.371343589,,,,-0.152039832,-0.023606572,0.0346431473,,,-0.0712343241,,,-0.23645355,-0.278200753,0.116356971,,,,0.0944476394,,0.0365686198,,,-0.163500017,0.0945116521,-0.0881423644,,,,0.100174615,,-0.066923546,,-0.00619641719,0.213314281,0.142628428,,,,-0.0489151172,-0.0398922805,,,-0.11927745,,,0.0883366495,-0.113785163,0.129539981,,,,0.0869583312,,0.205358512,,-0.323133877,0.0298787885,,,,0.126351704,0.179034765,,-0.106770494,,,-0.49591978,,,-0.462695486,0.0385256341,-0.00865304043,,,0.235314981,,,0.182539998,,,-0.512212163,0.0432215741,0.0878796091,,,,-0.215829714,,-0.316002296,0.255371289,-0.0688768903,-0.537824979,,,,,0.26818493,,,-0.0234936212,,,-0.0246859342,-0.536354603,-0.170515517,-0.031122331,,,,,,0.379077536,,-0.459762111,-0.179491735,,,,0.117774456,,,-0.0239949434,,,-0.28189569,-0.0513267242,,,0.227197806,,-0.0261753775,-0.0534095372,0.165799587,,,,-0.325348349,,-0.0846934627,0.295885053,0.128324698,,,,-0.127722349,0.187341391,,,-0.130614484,0.346672962,,,-0.0397603485,0.0819170363,,,-0.0721079491,-0.349898468,,,0.224087147,-0.35111637,,,0.214430244,-0.0256926775,0.188395757
52.03858767870029,0.226727902,0.272516067,-0.175915675,-0.0339891196,,,,0.223527654,,0.00778596518,-0.291845615,,-0.237480069,,,,-0.082780473,0.164529052,0.0805661691,,,-0.0703628031,,,-0.0931412474,-0.182389966,0.0959406298,,,,0.105349689,,-0.0509436181,,,-0.224730457,0.167605643,-0.0835255556,,,,-0.0243726637,,-0.0107032218,,-0.0403746459,0.170934974,0.226209786,,,,0.111172544,-0.0755054222,,,-0.161103604,,,0.151720496,-0.00607130723,0.030820352,,,,0.112310656,,0.120390733,,-0.153337627,0.00014930726,,,,0.13017943,0.196809773,,0.0800570508,,,-0.426927288,,,-0.317961259,0.0742304099,-0.0913279358,,,0.365533483,,,0.0758959746,,,-0.39441853,0.08488471,0.0872128225,,,,-0.0323030393,,-0.398594582,0.252473611,0.0584170306,-0.403225226,,,,,0.0464236093,,,0.150169583,,,-0.0215898418,-0.356004648,0.0378075011,0.0606565528,,,,,,0.309199838,,-0.238114685,-0.0465039402,,,,-0.0658715407,,,0.00806597026,,,-0.0612059526,-0.0915146546,,,0.366336277,,-0.0434866333,0.03390146,0.0395644392,,,,-0.124170168,,-0.0896913677,0.221189556,0.29712721,,,,-0.29977372,0.121607695,,,-0.0304367504,0.362942075,,,-0.0186045391,0.338305811,,,0.0613878055,-0.135116815,,,0.301312007,-0.379059751,,,0.157127721,-0.23149755,0.111928553
52.52833407156029,0.0579181398,0.291315383,-0.334789234,-0.220794746,,,,0.263871559,,0.158597914,-0.0615374703,,0.00855273102,,,,-0.0224506886,0.225123834,0.0878531675,,,-0.0493957403,,,0.0665016394,-0.0621643971,0.086230067,,,,0.100962793,,-0.167611572,,,-0.190847179,0.193451291,-0.0614109276,,,,-0.118716182,,0.0715350022,,-0.0818979311,0.0583536615,0.224306611,,,,0.260409431,-0.136795309,,,-0.123451401,,,0.105648732,0.0667784571,-0.0358333946,,,,0.087656557,,0.0458906991,,0.049367582,0.0268525119,,,,0.0827423385,0.047862262,,0.18726552,,,-0.148847729,,,-0.0669054152,0.119755979,-0.104725199,,,0.383601568,,,0.00118278716,,,-0.152587117,0.157766241,0.0623366868,,,,0.111767827,,-0.319707023,0.116644045,0.270182628,-0.158898558,,,,,-0.124444595,,,0.287743965,,,0.0155783359,-0.0975083235,0.357674365,0.101327855,,,,,,0.132221227,,0.00451680698,0.251875039,,,,-0.227415362,,,0.0354773782,,,0.103062044,0.0496546687,,,0.378584767,,-0.0261271154,0.0485249702,-0.00270317086,,,,0.141145315,,-0.0468330038,0.135726662,0.342358461,,,,-0.368971198,0.0328551811,,,0.0520290479,0.294523619,,,0.0058421086,0.469647044,,,0.216198916,0.16055861,,,0.263449932,-0.270439841,,,0.0957333512,-0.359193338,-0.0408807116
53.0180804644203,-0.147926153,0.195428781,-0.314630929,-0.319770398,,,,0.174870147,,0.266982954,0.182882114,,0.22852714,,,,0.0520555322,0.167663837,0.044746972,,,0.019002712,,,0.174110064,0.0202623281,0.109568434,,,,0.114221102,,-0.231320143,,,-0.0925319726,0.131513003,-0.0340874248,,,,-0.131134287,,0.106060156,,-0.100832512,-0.0545355888,0.13427882,,,,0.326612216,-0.181756804,,,-0.0364232203,,,-0.000471027369,0.0755054645,-0.0341680434,,,,-0.00109252015,,0.025148091,,0.18467131,0.0846347229,,,,0.0268628215,-0.195137253,,0.194246925,,,0.197476389,,,0.162349736,0.156488503,-0.0345284439,,,0.29012111,,,0.00491803392,,,0.0946364118,0.240962698,0.0255107449,,,,0.192081287,,-0.126507576,-0.0977871729,0.437855552,0.0802588447,,,,,-0.116106769,,,0.364352939,,,0.0784622686,0.122666264,0.572397798,0.110483418,,,,,,-0.0425123671,,0.170791062,0.514401555,,,,-0.309219717,,,0.0518135416,,,0.164869053,0.28220441,,,0.282383724,,0.0610893484,0.0334480596,0.0639835362,,,,0.367424732,,0.0327085301,0.0756638762,0.246358371,,,,-0.29509885,-0.0860201281,,,0.0808068867,0.195390893,,,0.074408992,0.4450962,,,0.311656241,0.429401273,,,0.147613035,-0.0479060189,,,0.0243925811,-0.348160703,-0.220879666
53.50782685728031,-0.295771735,0.0215594586,-0.11686235,-0.271361848,,,,0.0020306493,,0.273983814,0.302397948,,0.310505884,,,,0.145031384,0.0754999887,-0.0334129697,,,0.114749831,,,0.200504665,0.0553261437,0.128528745,,,,0.137261059,,-0.184419769,,,0.00685156975,0.0016108221,-0.00791343036,,,,-0.0785996066,,0.0543659981,,-0.0856493697,-0.100236795,0.0101140214,,,,0.276311962,-0.152137451,,,0.0410310392,,,-0.0851708299,0.0253016683,0.0225249398,,,,-0.118482403,,0.0531683647,,0.196148639,0.133556864,,,,-0.00258780171,-0.378948971,,0.124473373,,,0.448001605,,,0.270139479,0.177441923,0.0703153814,,,0.121660273,,,0.0864689841,,,0.250652088,0.288071491,-0.00989438118,,,,0.204128826,,0.0985496787,-0.28612229,0.432064869,0.231749161,,,,,0.0757447467,,,0.355501498,,,0.138220153,0.236374674,0.507812618,0.103337756,,,,,,-0.102954883,,0.22365822,0.533678397,,,,-0.282978901,,,0.05706477,,,0.141770451,0.426527,,,0.137607401,,0.190900803,0.033577356,0.17602243,,,,0.467849744,,0.102027692,0.0447367234,0.0690954017,,,,-0.0957561967,-0.215512999,,,0.0756667858,0.0971002816,,,0.183564989,0.299820177,,,0.287888684,0.561922683,,,0.0177633591,0.228681749,,,-0.0753599673,-0.197115565,-0.339279603
53.99757325014031,-0.3014013,-0.161533604,0.148630908,-0.082567034,,,,-0.16799888,,0.164436118,0.252445206,,0.237612618,,,,0.220438054,0.0252291483,-0.111570447,,,0.176345938,,,0.167207072,0.0763501781,0.0881850026,,,,0.131051872,,-0.0398511464,,,0.061374714,-0.12075944,0.0176407574,,,,-0.022862187,,-0.0525401944,,-0.0458176545,-0.0599833847,-0.0728480973,,,,0.139233295,-0.0168551833,,,0.0580684818,,,-0.0923345683,-0.0474750895,0.087960141,,,,-0.193831221,,0.091169701,,0.0975101881,0.146586482,,,,-0.00498097801,-0.366045847,,0.0268608064,,,0.508798675,,,0.231337326,0.171862162,0.126365617,,,-0.0511610675,,,0.190679921,,,0.27834356,0.235609203,-0.0319434292,,,,0.154932133,,0.280249054,-0.351454865,0.200735469,0.271233812,,,,,0.31096786,,,0.249641401,,,0.160313426,0.242374416,0.147997132,0.0830585927,,,,,,-0.0160801439,,0.188212588,0.236129101,,,,-0.157925427,,,0.0618448971,,,0.0876088094,0.330823191,,,0.00729968251,,0.282190787,0.0611557628,0.217490844,,,,0.413008898,,0.124514667,0.0197081146,-0.0995767308,,,,0.160731784,-0.300197392,,,0.0872904535,0.000672446363,,,0.272862483,0.103008329,,,0.150273178,0.498066732,,,-0.0820363322,0.468821304,,,-0.19504826,0.0430406174,-0.320922671
54.48731964300032,-0.144584801,-0.276652167,0.328964986,0.163426404,,,,-0.255767158,,-0.0181270923,0.100407748,,0.0878942337,,,,0.222314549,0.0256698605,-0.152431348,,,0.147846673,,,0.121836447,0.112956812,-0.0213272387,,,,0.0667291961,,0.126668266,,,0.0714506243,-0.157592473,0.0427331434,,,,-0.011259024,,-0.137653201,,0.000263867956,0.0274385307,-0.0710841038,,,,-0.0102372664,0.192281482,,,0.00711075745,,,-0.0291215754,-0.0943310249,0.118651481,,,,-0.169451701,,0.100653211,,-0.0395361187,0.117082133,,,,-0.00945296172,-0.128261901,,-0.0493318578,,,0.39260599,,,0.0960339948,0.111561132,0.0755584692,,,-0.148494051,,,0.230459481,,,0.199394574,0.0400066885,-0.0326100271,,,,0.0645798889,,0.375322145,-0.258577529,-0.192026929,0.220604958,,,,,0.389958857,,,0.0700829593,,,0.122259345,0.182353724,-0.351715729,0.0495772575,,,,,,0.135915253,,0.118367694,-0.262774845,,,,0.0259754088,,,0.0777574702,,,0.0503205386,-0.0199041035,,,-0.0750740289,,0.256892009,0.0952672603,0.0978869307,,,,0.239561758,,0.10679131,-0.0311151335,-0.199197918,,,,0.382913396,-0.276978761,,,0.140896673,-0.102480586,,,0.266170016,-0.0828060457,,,-0.033078298,0.260074789,,,-0.146837038,0.573184667,,,-0.282477067,0.294517472,-0.153480528
54.97706603586033,0.104258517,-0.267182295,0.3268337,0.343255536,,,,-0.225350803,,-0.191251859,-0.0383373139,,-0.0318307085,,,,0.121832704,0.0255673352,-0.132737755,,,0.0284449484,,,0.0967674232,0.153168706,-0.141559209,,,,-0.0389822147,,0.231405449,,,0.0699935907,-0.0875233255,0.0605746674,,,,-0.0353256744,,-0.139536465,,0.0386816502,0.0984154966,-0.00312258822,,,,-0.10154279,0.383641348,,,-0.0661423392,,,0.0439028225,-0.0829931489,0.0987906414,,,,-0.047651046,,0.0663788791,,-0.129805471,0.046395817,,,,-0.0418705206,0.226227115,,-0.0766776756,,,0.185592971,,,-0.0487718351,-0.0359116841,-0.0654081785,,,-0.126762249,,,0.133502728,,,0.0687558618,-0.27486377,-0.0119243725,,,,-0.0320799288,,0.37345871,-0.0500654716,-0.590316101,0.120065782,,,,,0.191916235,,,-0.117875156,,,0.0262417881,0.101506064,-0.758369529,0.0109039849,,,,,,0.201218158,,0.0571383376,-0.724520373,,,,0.213603355,,,0.102322623,,,0.0445571788,-0.479197984,,,-0.114755668,,0.101812913,0.108589268,-0.178375488,,,,0.0230696248,,0.0878659478,-0.126936465,-0.223451884,,,,0.490011168,-0.122048757,,,0.201644697,-0.206272299,,,0.13477639,-0.224150977,,,-0.178005832,-0.0557371737,,,-0.190589038,0.475192839,,,-0.268761899,0.475907948,0.102234222
55.46681242872033,0.312655854,-0.125143807,0.162011859,0.362262466,,,,-0.0926602409,,-0.274679873,-0.0904869739,,-0.0649911844,,,,-0.0486801631,-0.0233226576,-0.0513228895,,,-0.117720183,,,0.0846025476,0.150270659,-0.186274044,,,,-0.127500517,,0.239895448,,,0.0822781918,0.0374167139,0.0594110031,,,,-0.0425800052,,-0.0602487212,,0.064308825,0.109813853,0.0661939488,,,,-0.111118256,0.453162099,,,-0.0884340077,,,0.0631671853,-0.0188332487,0.0375705256,,,,0.102141426,,-0.00676261552,,-0.126001117,-0.068051603,,,,-0.0925511796,0.513242186,,-0.059787211,,,-0.0186003468,,,-0.130145147,-0.268459716,-0.204784916,,,-0.0165893609,,,-0.10910088,,,-0.0545091422,-0.599002636,0.0182396422,,,,-0.0958589677,,0.285410117,0.182219108,-0.821313686,0.00811689265,,,,,-0.2303483,,,-0.23302626,,,-0.0980088174,0.0249191701,-0.893743003,-0.0167114329,,,,,,0.0641844878,,0.0178477103,-0.927324031,,,,0.35048466,,,0.113811094,,,0.0538293112,-0.818241117,,,-0.140782372,,-0.113963726,0.0935500843,-0.498712736,,,,-0.164711401,,0.0957156107,-0.259219694,-0.198327484,,,,0.43943723,0.120448842,,,0.197181974,-0.286243854,,,-0.0707061974,-0.312566781,,,-0.236723958,-0.32704091,,,-0.211271385,0.185267581,,,-0.121153067,0.518256279,0.344391811
55.95655882158034,0.362129042,0.0945585363,-0.0493616938,0.21419714,,,,0.0886020816,,-0.22863837,-0.0687276584,,-0.0361521329,,,,-0.20515455,-0.109234043,0.0707259862,,,-0.201797109,,,0.0508698222,0.0691614057,-0.11302762,,,,-0.141223633,,0.182136112,,,0.0981220042,0.130633511,0.0325807785,,,,0.0109376562,,0.039978392,,0.0761257216,0.0608437259,0.0740567305,,,,-0.0703562324,0.348001325,,,-0.00866143044,,,0.01373051,0.0571791654,-0.0511669127,,,,0.186779808,,-0.110606315,,-0.0450862553,-0.225333898,,,,-0.116414517,0.582035625,,-0.0276657101,,,-0.165784109,,,-0.124074603,-0.517494786,-0.230934814,,,0.0823582219,,,-0.42125122,,,-0.127418254,-0.775447574,0.0363925603,,,,-0.104135826,,0.133000012,0.347597852,-0.7795323,-0.0836545119,,,,,-0.669121102,,,-0.229193399,,,-0.201509232,-0.0393683708,-0.719408138,-0.0206105954,,,,,,-0.259606673,,-0.00732868053,-0.78592021,,,,0.394646833,,,0.0840568942,,,0.053707262,-0.857505146,,,-0.180683057,,-0.280871126,0.0648861165,-0.698105605,,,,-0.285655634,,0.113726859,-0.38737869,-0.142388293,,,,0.241109789,0.352356989,,,0.0817275265,-0.317364421,,,-0.248214761,-0.347473599,,,-0.215571843,-0.465680651,,,-0.178945481,-0.195015915,,,0.120519067,0.382993258,0.478696141
56.44630521444034,0.224510463,0.288958811,-0.181044056,-0.0120307606,,,,0.24872117,,-0.0710993567,-0.0398253418,,-0.0139161981,,,,-0.260741046,-0.163420457,0.194676202,,,-0.170081913,,,-0.027060347,-0.0697210945,0.0357440306,,,,-0.0712418097,,0.117045423,,,0.082453819,0.132970887,-0.0118707167,,,,0.115335602,,0.0952269649,,0.0717367163,-0.0210829821,0.00248887981,,,,-0.036304703,0.103309239,,,0.158882264,,,-0.0590094427,0.0960869877,-0.161826694,,,,0.155007079,,-0.239484632,,0.0479729492,-0.397693187,,,,-0.0701690036,0.402488158,,-0.011105973,,,-0.244501341,,,-0.0583580102,-0.66057061,-0.0895246309,,,0.0599562226,,,-0.665745181,,,-0.133190489,-0.685643143,0.0232766931,,,,-0.0656622402,,-0.0525064637,0.395946443,-0.475537301,-0.130668309,,,,,-0.88430549,,,-0.135367416,,,-0.234301828,-0.0845567992,-0.331415957,-0.00391457802,,,,,,-0.610545405,,-0.0268660794,-0.379862477,,,,0.325785613,,,0.00194945818,,,0.0341202583,-0.56612245,,,-0.24060357,,-0.318343052,0.0397614712,-0.651369827,,,,-0.336941778,,0.0914401348,-0.449074427,-0.0497799345,,,,-0.0443874936,0.47043589,,,-0.112963558,-0.293032184,,,-0.311200042,-0.325913904,,,-0.149918111,-0.453712151,,,-0.0620436416,-0.51104552,,,0.354624969,0.0862841836,0.453098643
56.93605160730035,-0.0167648049,0.354421587,-0.182096576,-0.188690076,,,,0.323295101,,0.130424507,-0.0521298605,,-0.0420911765,,,,-0.179929546,-0.121818404,0.27327383,,,-0.0382216112,,,-0.129505822,-0.190602006,0.158908696,,,,0.03021608,,0.078963191,,,0.0145479758,0.0484090884,-0.0512266352,,,,0.209393222,,0.0875297217,,0.0482928371,-0.110886166,-0.115499942,,,,-0.0501669509,-0.17439394,,,0.329246624,,,-0.0870790548,0.0760484111,-0.287093005,,,,0.0373038923,,-0.37479925,,0.0884511825,-0.516901966,,,,0.0431822278,0.0748819033,,-0.0189015062,,,-0.261874321,,,0.0133288447,-0.585418267,0.16945969,,,-0.124133434,,,-0.707890957,,,-0.0834812268,-0.328583706,-0.0213770707,,,,-0.0136958296,,-0.228859974,0.32664497,-0.0258021126,-0.120825766,,,,,-0.747088286,,,-0.0471767321,,,-0.168583508,-0.0980878402,0.113136407,0.0144235001,,,,,,-0.772456225,,-0.0383517231,0.112550643,,,,0.153323722,,,-0.110142963,,,0.00385028607,-0.0700823181,,,-0.299371458,,-0.220610692,0.0175943076,-0.345634767,,,,-0.332064752,,-0.00641176773,-0.385515937,0.0888699079,,,,-0.324444149,0.418174434,,,-0.286414651,-0.2254737,,,-0.242340914,-0.247351546,,,-0.0651040476,-0.336012366,,,0.129844526,-0.632596716,,,0.470270749,-0.284790709,0.267747765
57.42579800016036,-0.220220325,0.24643812,-0.0980640533,-0.232110171,,,,0.274541756,,0.286478596,-0.0895993691,,-0.0997904429,,,,-0.000602656514,0.00982268426,0.266520541,,,0.123214747,,,-0.201658794,-0.211446174,0.170193223,,,,0.0849125091,,0.0518346285,,,-0.0809570477,-0.0709866052,-0.05971599,,,,0.228776528,,0.0558188815,,0.00916108998,-0.200861889,-0.225627219,,,,-0.113910654,-0.367101629,,,0.389941112,,,-0.0363729059,0.0183477163,-0.395351722,,,,-0.0718936651,,-0.465872403,,0.0581017134,-0.495073737,,,,0.16309282,-0.239276955,,-0.0305073396,,,-0.226159926,,,0.0480511519,-0.26791184,0.410131673,,,-0.39508989,,,-0.487886173,,,-0.0116636871,0.163979137,-0.0699396768,,,,0.0199622337,,-0.348186572,0.172132353,0.406756645,-0.0633582751,,,,,-0.31029392,,,-0.0631280815,,,-0.0167260432,-0.0713435454,0.47777406,0.0133795197,,,,,,-0.607332359,,-0.0341074246,0.516971433,,,,-0.0799228212,,,-0.201437514,,,-0.0223082174,0.426128604,,,-0.3165333,,-0.0488910762,-0.0189443434,0.109807638,,,,-0.282093082,,-0.155385664,-0.174578692,0.250705927,,,,-0.506408119,0.209621828,,,-0.335528961,-0.128356977,,,-0.0943095494,-0.124481816,,,0.0385520266,-0.180292185,,,0.326870055,-0.524330143,,,0.405804942,-0.589380174,-0.0302675821
57.91554439302036,-0.27944863,0.0140953039,-0.0179227003,-0.153005049,,,,0.111158491,,0.322534521,-0.0922186203,,-0.123897407,,,,0.188473967,0.147288305,0.162127501,,,0.235961472,,,-0.195827676,-0.10486103,0.0597964707,,,,0.045061869,,-0.00844267368,,,-0.142398139,-0.17136146,-0.0245026526,,,,0.157699436,,0.0541258576,,-0.031207246,-0.286330738,-0.28852947,,,,-0.196661297,-0.40912941,,,0.270552205,,,0.0646217747,-0.0292901222,-0.423354926,,,,-0.0804269667,,-0.436878432,,-0.00442910171,-0.277924164,,,,0.209426974,-0.414461672,,-0.0130632262,,,-0.152575937,,,0.0386293885,0.193294617,0.487338977,,,-0.592113431,,,-0.0613398098,,,0.0442532268,0.59381356,-0.0776037153,,,,0.0288655875,,-0.373683886,-0.0239765225,0.686848846,0.0109457712,,,,,0.233517522,,,-0.204093788,,,0.167191337,-0.0141580855,0.68833315,-0.0131686677,,,,,,-0.148184918,,-0.0145885308,0.734001576,,,,-0.305393015,,,-0.218906621,,,-0.0387973122,0.746492878,,,-0.25023875,,0.116885279,-0.0812708561,0.538908988,,,,-0.192278509,,-0.2738267,0.144263705,0.369098459,,,,-0.532653715,-0.0830239865,,,-0.227177721,-0.00216571012,,,0.0571491827,0.0150155028,,,0.164508009,-0.0357199021,,,0.426753032,-0.26141923,,,0.176873741,-0.69220715,-0.355696707
58.40529078588037,-0.189097617,-0.220492345,0.00375762614,-0.0377608873,,,,-0.104689489,,0.213246644,-0.0215957606,,-0.0722274091,,,,0.296586799,0.187370864,-0.00998725317,,,0.256293969,,,-0.114300165,0.0772024296,-0.103901158,,,,-0.0723015529,,-0.124262628,,,-0.115906592,-0.231040438,0.0447406081,,,,0.039428043,,0.097466849,,-0.0512615363,-0.339350999,-0.2921296,,,,-0.257997453,-0.315065159,,,-0.00484170008,,,0.147355048,-0.0298256479,-0.303660506,,,,0.0322284173,,-0.2310292,,-0.0367674285,0.103144249,,,,0.144064127,-0.421355791,,0.0480327078,,,-0.0767500342,,,0.0128733127,0.6175461,0.334798738,,,-0.561576906,,,0.4183564,,,0.0632457541,0.803500022,-0.0119060122,,,,0.0323711327,,-0.300437435,-0.218348647,0.756624236,0.0653454503,,,,,0.667224025,,,-0.377305911,,,0.307433562,0.0440380431,0.728151129,-0.0498567766,,,,,,0.41240588,,0.00636223499,0.748622906,,,,-0.450796096,,,-0.139036898,,,-0.0519789505,0.813744116,,,-0.0797729871,,0.225307494,-0.151976681,0.783714815,,,,-0.0714601484,,-0.276408746,0.471250924,0.365015453,,,,-0.40338338,-0.363110439,,,-0.0204966739,0.158510587,,,0.164772185,0.140690875,,,0.286791545,0.0827394631,,,0.354759792,0.0217636481,,,-0.13662283,-0.538653073,-0.599457229
58.89503717874037,-0.0366396369,-0.332679486,-0.0163624172,0.0232176935,,,,-0.277663764,,-9.09579657e-05,0.0903928768,,0.029920779,,,,0.274945618,0.0880674387,-0.183318649,,,0.185727364,,,-0.0146728841,0.234422254,-0.22937269,,,,-0.198252265,,-0.262946128,,,-0.00110466096,-0.254642028,0.118882237,,,,-0.062225599,,0.144251247,,-0.0347945114,-0.303580178,-0.236064281,,,,-0.266144103,-0.158988852,,,-0.31990985,,,0.157808195,0.0150680521,-0.0166958044,,,,0.192371441,,0.133135651,,-0.00385563627,0.522197274,,,,0.00700982463,-0.31742155,,0.129097243,,,-0.0471342375,,,0.00898594846,0.836870327,0.00868997419,,,-0.256343387,,,0.769947039,,,0.053502767,0.753512459,0.116245036,,,,0.0516346003,,-0.164910529,-0.368890218,0.64001161,0.0801396383,,,,,0.85658769,,,-0.422879562,,,0.340789725,0.0718116341,0.613657028,-0.0689625686,,,,,,0.829678773,,0.0111742316,0.597720659,,,,-0.469195704,,,0.0148300323,,,-0.0684210168,0.654355481,,,0.174503093,,0.266147721,-0.18583771,0.770858731,,,,0.0605708107,,-0.138775189,0.681407903,0.201754432,,,,-0.174669177,-0.543125939,,,0.176670519,0.339080318,,,0.224256851,0.234931074,,,0.342677651,0.180566828,,,0.114175621,0.214242676,,,-0.427713234,-0.195354268,-0.659594074
59.38478357160038,0.0702773374,-0.272327626,-0.0212537367,0.00299904057,,,,-0.326486467,,-0.221827409,0.157176907,,0.10289843,,,,0.133915747,-0.0963659575,-0.285135234,,,0.0541123192,,,0.0309747198,0.280966354,-0.264708364,,,,-0.259557171,,-0.350054944,,,0.140692816,-0.240124244,0.16261538,,,,-0.115279396,,0.13147876,,0.0164225788,-0.127472383,-0.112379352,,,,-0.201218454,-0.0246389129,,,-0.526858658,,,0.0973841739,0.0685977415,0.369539303,,,,0.275206146,,0.539911178,,0.0732970159,0.809785865,,,,-0.106139298,-0.187204094,,0.177785306,,,-0.0885301949,,,0.0443463035,0.782780499,-0.34156383,,,0.224418838,,,0.869469058,,,0.0436008839,0.520206147,0.244199774,,,,0.0833716951,,-0.0307233602,-0.436549392,0.408291877,0.0643164214,,,,,0.788675963,,,-0.222561557,,,0.246887908,0.0584120196,0.378921518,-0.0486278257,,,,,,0.938575314,,-0.00529303836,0.336204423,,,,-0.359624606,,,0.180665739,,,-0.0811687143,0.35650071,,,0.444346093,,0.248925503,-0.139393443,0.530032386,,,,0.178440266,,0.0781635274,0.68114387,-0.0790520912,,,,0.0687465024,-0.567076913,,,0.279960655,0.486295773,,,0.247147774,0.296497277,,,0.267087598,0.259466717,,,-0.20817448,0.284744949,,,-0.599256096,0.179686315,-0.488654983
59.87452996446039,0.0820930944,-0.0937986668,0.021121818,-0.0510525227,,,,-0.233406851,,-0.345652113,0.107436587,,0.0769278429,,,,-0.0677050959,-0.253718695,-0.277335677,,,-0.100671457,,,-0.00734080217,0.194414055,-0.21759161,,,,-0.222631902,,-0.321340803,,,0.224311147,-0.158730525,0.149883786,,,,-0.139275438,,0.0321645793,,0.0795418356,0.18250863,0.0897313571,,,,-0.0528940839,0.0392408095,,,-0.530152547,,,0.0166219626,0.090172337,0.708983013,,,,0.187579525,,0.818737378,,0.134035611,0.838337626,,,,-0.113490104,-0.0836112665,,0.149325726,,,-0.164405994,,,0.0996834766,0.509172952,-0.557024065,,,0.682077898,,,0.703540982,,,0.0562078668,0.225003707,0.284925945,,,,0.0975521329,,0.0469009109,-0.396413692,0.134772287,0.0443675519,,,,,0.537957882,,,0.201229787,,,0.0571745529,0.0213868638,0.0752318284,0.0123085982,,,,,,0.728035171,,-0.0284164753,0.0249898514,,,,-0.166096706,,,0.286862642,,,-0.0691663531,0.0208861705,,,0.629921139,,0.176596939,-0.0083446007,0.165937118,,,,0.264682921,,0.264509846,0.457575778,-0.369779342,,,,0.251907497,-0.423028152,,,0.272427745,0.522486925,,,0.226048673,0.327822254,,,0.0462168107,0.30584596,,,-0.484050941,0.276128696,,,-0.589042055,0.425717005,-0.133299511
